date,line,plant,planned_minutes,downtime_minutes,target_output,actual_output,scrap_units,energy_kwh
2025-01-01,Line A,Pune,480,22,1252,883,46,172.65
2025-01-01,Line B,Pune,480,122,808,835,19,344.09
2025-01-01,Line C,Chennai,480,127,1372,1219,83,242.95
2025-01-01,EV Line,Bengaluru EV Plant,480,69,1069,1089,48,446.64
2025-01-01,Battery Line,Gurugram,480,99,1508,1145,72,487.22
2025-01-02,Line A,Chennai,480,25,1152,817,11,207.73
2025-01-02,Line B,Chennai,480,55,1467,1188,47,410.12
2025-01-02,Line C,Gurugram,480,33,1529,1321,71,409.23
2025-01-02,EV Line,Gurugram,480,53,1333,1258,60,407.6
2025-01-02,Battery Line,Gurugram,480,123,1595,1489,44,245.91
2025-01-03,Line A,Bengaluru EV Plant,480,67,1560,1289,82,539.16
2025-01-03,Line B,Chennai,480,37,873,721,46,168.97
2025-01-03,Line C,Bengaluru EV Plant,480,37,857,623,22,105.84
2025-01-03,EV Line,Chennai,480,141,1243,1161,35,167.47
2025-01-03,Battery Line,Gurugram,480,33,1436,1277,46,145.41
2025-01-04,Line A,Bengaluru EV Plant,480,84,853,786,7,315.45
2025-01-04,Line B,Chennai,480,79,1298,1097,55,383.41
2025-01-04,Line C,Sanand,480,35,923,747,4,183.26
2025-01-04,EV Line,Pune,480,71,1381,1119,36,161.75
2025-01-04,Battery Line,Sanand,480,39,1266,1130,32,323.6
2025-01-05,Line A,Chennai,480,47,1031,834,57,106.62
2025-01-05,Line B,Sanand,480,94,1500,1530,11,253.36
2025-01-05,Line C,Chennai,480,63,1552,1347,28,145.78
2025-01-05,EV Line,Pune,480,131,1367,1073,11,457.56
2025-01-05,Battery Line,Pune,480,83,879,902,55,143.13
2025-01-06,Line A,Bengaluru EV Plant,480,53,1464,1055,23,152.94
2025-01-06,Line B,Gurugram,480,84,1214,1169,17,379.98
2025-01-06,Line C,Gurugram,480,126,1184,1164,57,235.79
2025-01-06,EV Line,Gurugram,480,115,840,772,41,191.28
2025-01-06,Battery Line,Chennai,480,136,1235,964,13,150.53
2025-01-07,Line A,Gurugram,480,99,933,673,39,297.6
2025-01-07,Line B,Sanand,480,87,793,817,9,241.62
2025-01-07,Line C,Chennai,480,150,1332,1334,23,560.18
2025-01-07,EV Line,Gurugram,480,5,1584,1240,5,398.86
2025-01-07,Battery Line,Pune,480,65,784,737,48,90.44
2025-01-08,Line A,Pune,480,92,1367,1446,69,313.58
2025-01-08,Line B,Gurugram,480,53,1067,962,24,325.46
2025-01-08,Line C,Sanand,480,30,1421,1125,54,405.79
2025-01-08,EV Line,Bengaluru EV Plant,480,73,1112,1192,44,146.47
2025-01-08,Battery Line,Gurugram,480,61,1001,935,60,271.51
2025-01-09,Line A,Sanand,480,138,1410,1123,55,386.12
2025-01-09,Line B,Pune,480,38,961,1033,70,449.92
2025-01-09,Line C,Gurugram,480,28,815,848,11,100.19
2025-01-09,EV Line,Pune,480,136,1061,1077,6,150.15
2025-01-09,Battery Line,Sanand,480,51,1092,1029,14,340.89
2025-01-10,Line A,Bengaluru EV Plant,480,152,1203,870,51,267.97
2025-01-10,Line B,Gurugram,480,42,873,656,20,233.99
2025-01-10,Line C,Chennai,480,19,1021,1059,60,330.59
2025-01-10,EV Line,Bengaluru EV Plant,480,63,1073,940,55,225.51
2025-01-10,Battery Line,Sanand,480,104,1337,1312,14,494.12
2025-01-11,Line A,Bengaluru EV Plant,480,139,1195,1180,36,256.25
2025-01-11,Line B,Sanand,480,28,1425,1188,58,151.1
2025-01-11,Line C,Sanand,480,9,1492,1426,2,390.82
2025-01-11,EV Line,Gurugram,480,49,1378,1069,32,294.63
2025-01-11,Battery Line,Bengaluru EV Plant,480,116,1539,1266,64,289.67
2025-01-12,Line A,Sanand,480,66,1597,1169,50,338.07
2025-01-12,Line B,Gurugram,480,63,1324,1392,16,381.32
2025-01-12,Line C,Bengaluru EV Plant,480,109,1554,1330,55,230.12
2025-01-12,EV Line,Bengaluru EV Plant,480,49,803,687,34,299.01
2025-01-12,Battery Line,Sanand,480,14,1070,912,12,360.53
2025-01-13,Line A,Gurugram,480,16,1483,1203,28,162.37
2025-01-13,Line B,Bengaluru EV Plant,480,11,1163,1179,40,169.9
2025-01-13,Line C,Sanand,480,127,972,723,34,251.28
2025-01-13,EV Line,Pune,480,140,937,801,4,226.96
2025-01-13,Battery Line,Bengaluru EV Plant,480,43,1209,1097,19,163.1
2025-01-14,Line A,Pune,480,83,789,598,32,75.7
2025-01-14,Line B,Gurugram,480,143,1066,1071,25,461.67
2025-01-14,Line C,Pune,480,28,1451,1166,8,234.62
2025-01-14,EV Line,Chennai,480,47,1408,1093,45,278.76
2025-01-14,Battery Line,Sanand,480,48,1180,969,65,310.97
2025-01-15,Line A,Gurugram,480,57,1368,1113,74,436.64
2025-01-15,Line B,Sanand,480,106,1508,1261,25,176.2
2025-01-15,Line C,Chennai,480,129,863,611,21,190.94
2025-01-15,EV Line,Pune,480,49,935,663,13,286.11
2025-01-15,Battery Line,Chennai,480,37,1345,1139,19,453.12
2025-01-16,Line A,Bengaluru EV Plant,480,83,989,1065,35,300.52
2025-01-16,Line B,Sanand,480,86,1258,1306,5,564.03
2025-01-16,Line C,Sanand,480,137,1531,1637,82,598.03
2025-01-16,EV Line,Chennai,480,39,779,614,6,133.57
2025-01-16,Battery Line,Chennai,480,32,1304,927,18,196.33
2025-01-17,Line A,Sanand,480,50,1300,1140,42,501.55
2025-01-17,Line B,Gurugram,480,16,1152,909,50,146.16
2025-01-17,Line C,Chennai,480,150,1123,993,61,371.27
2025-01-17,EV Line,Chennai,480,145,881,891,17,239.04
2025-01-17,Battery Line,Sanand,480,18,1402,1285,5,211.33
2025-01-18,Line A,Bengaluru EV Plant,480,30,1376,1258,49,333.08
2025-01-18,Line B,Gurugram,480,75,802,852,52,155.15
2025-01-18,Line C,Sanand,480,9,1497,1083,67,177.52
2025-01-18,EV Line,Gurugram,480,29,1508,1126,19,430.52
2025-01-18,Battery Line,Pune,480,74,1313,1320,65,396.38
2025-01-19,Line A,Bengaluru EV Plant,480,155,1103,1120,65,367.7
2025-01-19,Line B,Bengaluru EV Plant,480,140,1413,1315,35,552.49
2025-01-19,Line C,Bengaluru EV Plant,480,6,1347,1029,32,125.64
2025-01-19,EV Line,Gurugram,480,42,1259,1116,68,380.27
2025-01-19,Battery Line,Chennai,480,138,1131,1066,69,148.29
2025-01-20,Line A,Pune,480,133,824,772,13,277.54
2025-01-20,Line B,Gurugram,480,85,879,752,7,221.58
2025-01-20,Line C,Pune,480,105,1183,1033,26,259.86
2025-01-20,EV Line,Chennai,480,40,1133,1199,79,490.41
2025-01-20,Battery Line,Gurugram,480,107,913,828,24,121.55
2025-01-21,Line A,Chennai,480,141,806,623,14,77.23
2025-01-21,Line B,Chennai,480,39,866,811,32,280.72
2025-01-21,Line C,Gurugram,480,147,1256,1108,15,160.63
2025-01-21,EV Line,Chennai,480,32,1385,1437,87,228.42
2025-01-21,Battery Line,Gurugram,480,50,1017,781,8,282.98
2025-01-22,Line A,Pune,480,89,1069,766,47,90.95
2025-01-22,Line B,Gurugram,480,89,1366,1347,17,224.27
2025-01-22,Line C,Bengaluru EV Plant,480,41,788,749,34,282.5
2025-01-22,EV Line,Gurugram,480,22,770,592,31,112.35
2025-01-22,Battery Line,Chennai,480,104,1288,1201,33,529.69
2025-01-23,Line A,Gurugram,480,29,1307,1271,29,191.92
2025-01-23,Line B,Chennai,480,95,973,742,8,219.59
2025-01-23,Line C,Sanand,480,60,1050,1118,64,458.62
2025-01-23,EV Line,Pune,480,126,1025,1005,50,422.78
2025-01-23,Battery Line,Chennai,480,96,1507,1140,67,324.89
2025-01-24,Line A,Sanand,480,43,1528,1229,50,342.94
2025-01-24,Line B,Pune,480,41,1561,1319,32,343.04
2025-01-24,Line C,Pune,480,123,1452,1341,22,554.8
2025-01-24,EV Line,Sanand,480,115,1511,1384,62,499.29
2025-01-24,Battery Line,Pune,480,76,1036,914,30,377.57
2025-01-25,Line A,Gurugram,480,122,858,819,29,251.62
2025-01-25,Line B,Gurugram,480,78,1056,837,48,304.03
2025-01-25,Line C,Chennai,480,101,1483,1321,41,390.53
2025-01-25,EV Line,Gurugram,480,75,1024,1096,28,202.03
2025-01-25,Battery Line,Gurugram,480,23,1200,897,13,103.25
2025-01-26,Line A,Gurugram,480,36,1400,1407,53,539.15
2025-01-26,Line B,Sanand,480,100,1575,1696,4,493.86
2025-01-26,Line C,Pune,480,87,1308,1089,17,178.52
2025-01-26,EV Line,Bengaluru EV Plant,480,151,1277,1176,26,327.89
2025-01-26,Battery Line,Sanand,480,158,1285,1235,36,478.4
2025-01-27,Line A,Pune,480,62,1196,1200,21,131.31
2025-01-27,Line B,Gurugram,480,111,1288,926,55,100.52
2025-01-27,Line C,Gurugram,480,77,1598,1223,19,129.73
2025-01-27,EV Line,Gurugram,480,133,1167,882,4,162.46
2025-01-27,Battery Line,Bengaluru EV Plant,480,110,1016,713,37,270.36
2025-01-28,Line A,Bengaluru EV Plant,480,5,807,672,15,236.93
2025-01-28,Line B,Chennai,480,97,940,726,30,166.0
2025-01-28,Line C,Gurugram,480,158,1341,1152,29,199.09
2025-01-28,EV Line,Sanand,480,96,803,837,43,251.44
2025-01-28,Battery Line,Bengaluru EV Plant,480,156,1425,1369,78,595.36
2025-01-29,Line A,Chennai,480,132,1241,1213,26,188.0
2025-01-29,Line B,Bengaluru EV Plant,480,14,1196,1260,78,384.91
2025-01-29,Line C,Chennai,480,67,1425,1136,54,436.29
2025-01-29,EV Line,Sanand,480,70,1301,987,30,318.07
2025-01-29,Battery Line,Bengaluru EV Plant,480,56,975,772,47,202.68
2025-01-30,Line A,Bengaluru EV Plant,480,135,942,821,49,136.04
2025-01-30,Line B,Chennai,480,26,1058,1050,13,150.62
2025-01-30,Line C,Sanand,480,108,1535,1474,49,476.66
2025-01-30,EV Line,Pune,480,74,838,770,21,240.61
2025-01-30,Battery Line,Gurugram,480,93,1317,1330,28,159.53
2025-01-31,Line A,Gurugram,480,146,1392,1334,83,467.69
2025-01-31,Line B,Bengaluru EV Plant,480,47,1362,1191,38,417.63
2025-01-31,Line C,Pune,480,50,1422,1377,32,411.16
2025-01-31,EV Line,Gurugram,480,55,805,627,10,135.05
2025-01-31,Battery Line,Pune,480,48,1213,1051,63,436.75
2025-02-01,Line A,Bengaluru EV Plant,480,14,1484,1255,86,366.47
2025-02-01,Line B,Pune,480,146,868,761,7,218.05
2025-02-01,Line C,Pune,480,123,1521,1311,78,512.87
2025-02-01,EV Line,Pune,480,132,1457,1415,93,164.35
2025-02-01,Battery Line,Gurugram,480,25,1420,1035,57,364.46
2025-02-02,Line A,Chennai,480,63,1092,830,54,235.81
2025-02-02,Line B,Pune,480,148,984,861,14,366.33
2025-02-02,Line C,Gurugram,480,29,877,880,11,111.54
2025-02-02,EV Line,Chennai,480,133,1248,1269,25,271.54
2025-02-02,Battery Line,Bengaluru EV Plant,480,68,969,739,45,313.94
2025-02-03,Line A,Bengaluru EV Plant,480,156,1391,1351,41,306.36
2025-02-03,Line B,Chennai,480,49,784,744,34,296.42
2025-02-03,Line C,Pune,480,104,766,543,12,191.11
2025-02-03,EV Line,Gurugram,480,105,1556,1139,48,201.21
2025-02-03,Battery Line,Pune,480,58,1474,1170,58,442.51
2025-02-04,Line A,Chennai,480,141,1308,974,49,353.35
2025-02-04,Line B,Gurugram,480,135,1274,1282,21,197.53
2025-02-04,Line C,Sanand,480,13,1472,1535,105,325.86
2025-02-04,EV Line,Pune,480,46,1397,1422,97,211.68
2025-02-04,Battery Line,Bengaluru EV Plant,480,135,1075,947,8,301.64
2025-02-05,Line A,Chennai,480,66,1124,915,13,118.87
2025-02-05,Line B,Chennai,480,79,906,918,26,411.88
2025-02-05,Line C,Bengaluru EV Plant,480,48,1394,1045,36,172.94
2025-02-05,EV Line,Bengaluru EV Plant,480,107,882,804,23,333.6
2025-02-05,Battery Line,Chennai,480,82,1027,921,45,284.57
2025-02-06,Line A,Gurugram,480,12,1001,988,32,412.77
2025-02-06,Line B,Pune,480,85,1177,1218,80,208.61
2025-02-06,Line C,Pune,480,129,1032,883,27,263.11
2025-02-06,EV Line,Sanand,480,71,1094,956,47,284.77
2025-02-06,Battery Line,Chennai,480,45,865,904,5,188.44
2025-02-07,Line A,Chennai,480,101,1266,1100,27,339.01
2025-02-07,Line B,Bengaluru EV Plant,480,37,1386,1090,53,273.71
2025-02-07,Line C,Bengaluru EV Plant,480,50,832,627,32,72.29
2025-02-07,EV Line,Sanand,480,110,1217,1057,65,197.1
2025-02-07,Battery Line,Chennai,480,21,907,963,57,243.15
2025-02-08,Line A,Pune,480,59,1492,1047,26,439.12
2025-02-08,Line B,Pune,480,103,1104,957,52,229.1
2025-02-08,Line C,Pune,480,138,1344,1024,44,439.89
2025-02-08,EV Line,Gurugram,480,134,971,688,20,90.91
2025-02-08,Battery Line,Bengaluru EV Plant,480,106,1302,1095,6,174.48
2025-02-09,Line A,Chennai,480,94,1091,811,24,342.75
2025-02-09,Line B,Chennai,480,95,1176,1137,35,465.66
2025-02-09,Line C,Pune,480,56,1425,1342,46,273.13
2025-02-09,EV Line,Sanand,480,101,1554,1319,4,497.59
2025-02-09,Battery Line,Bengaluru EV Plant,480,17,1400,1153,32,506.83
2025-02-10,Line A,Gurugram,480,21,1038,1069,24,316.5
2025-02-10,Line B,Gurugram,480,102,1272,1023,10,454.46
2025-02-10,Line C,Pune,480,27,957,956,20,126.07
2025-02-10,EV Line,Gurugram,480,130,970,751,45,245.8
2025-02-10,Battery Line,Bengaluru EV Plant,480,77,1567,1272,54,382.18
2025-02-11,Line A,Sanand,480,49,1264,906,14,155.77
2025-02-11,Line B,Gurugram,480,22,1425,1524,54,176.29
2025-02-11,Line C,Pune,480,115,1307,1352,33,159.26
2025-02-11,EV Line,Chennai,480,42,876,880,2,263.44
2025-02-11,Battery Line,Bengaluru EV Plant,480,127,1251,1094,53,485.97
2025-02-12,Line A,Pune,480,78,833,793,3,227.5
2025-02-12,Line B,Pune,480,94,1345,954,43,334.78
2025-02-12,Line C,Bengaluru EV Plant,480,88,1547,1482,35,560.88
2025-02-12,EV Line,Bengaluru EV Plant,480,88,1410,1434,55,586.25
2025-02-12,Battery Line,Sanand,480,126,1560,1619,95,516.94
2025-02-13,Line A,Bengaluru EV Plant,480,11,814,778,31,347.27
2025-02-13,Line B,Pune,480,37,1599,1507,32,263.11
2025-02-13,Line C,Bengaluru EV Plant,480,46,969,1009,35,305.72
2025-02-13,EV Line,Gurugram,480,6,1492,1380,14,213.9
2025-02-13,Battery Line,Bengaluru EV Plant,480,9,800,587,19,153.06
2025-02-14,Line A,Pune,480,27,890,661,45,165.04
2025-02-14,Line B,Chennai,480,46,780,564,29,129.03
2025-02-14,Line C,Gurugram,480,80,1106,874,38,347.9
2025-02-14,EV Line,Gurugram,480,74,1187,1033,52,292.91
2025-02-14,Battery Line,Sanand,480,111,769,561,19,225.41
2025-02-15,Line A,Chennai,480,97,1499,1569,80,399.92
2025-02-15,Line B,Chennai,480,95,784,833,56,225.86
2025-02-15,Line C,Bengaluru EV Plant,480,53,1228,1287,26,198.74
2025-02-15,EV Line,Pune,480,116,1003,963,19,264.61
2025-02-15,Battery Line,Bengaluru EV Plant,480,35,945,712,46,320.26
2025-02-16,Line A,Sanand,480,82,1139,947,7,176.84
2025-02-16,Line B,Sanand,480,120,1571,1625,52,302.59
2025-02-16,Line C,Gurugram,480,150,1168,1021,65,444.14
2025-02-16,EV Line,Chennai,480,98,1286,1157,23,278.62
2025-02-16,Battery Line,Chennai,480,117,819,662,30,212.76
2025-02-17,Line A,Sanand,480,31,790,663,29,187.98
2025-02-17,Line B,Chennai,480,5,1033,890,4,292.35
2025-02-17,Line C,Gurugram,480,29,1087,775,33,81.86
2025-02-17,EV Line,Sanand,480,125,1257,912,54,248.2
2025-02-17,Battery Line,Pune,480,69,752,629,26,103.95
2025-02-18,Line A,Sanand,480,116,1194,870,24,149.3
2025-02-18,Line B,Sanand,480,149,797,582,35,119.96
2025-02-18,Line C,Bengaluru EV Plant,480,29,1549,1431,27,450.45
2025-02-18,EV Line,Bengaluru EV Plant,480,142,1192,1159,34,285.55
2025-02-18,Battery Line,Chennai,480,22,1130,1005,46,353.15
2025-02-19,Line A,Pune,480,48,1268,1224,18,204.44
2025-02-19,Line B,Sanand,480,51,1081,1109,73,261.01
2025-02-19,Line C,Gurugram,480,44,1320,1413,87,389.41
2025-02-19,EV Line,Chennai,480,91,1325,1412,40,526.75
2025-02-19,Battery Line,Bengaluru EV Plant,480,99,754,534,36,121.14
2025-02-20,Line A,Sanand,480,121,1367,1205,50,455.4
2025-02-20,Line B,Sanand,480,114,834,718,46,150.44
2025-02-20,Line C,Bengaluru EV Plant,480,77,1000,999,4,182.03
2025-02-20,EV Line,Sanand,480,59,968,923,61,112.21
2025-02-20,Battery Line,Pune,480,113,866,837,18,330.72
2025-02-21,Line A,Chennai,480,134,879,717,29,152.46
2025-02-21,Line B,Gurugram,480,141,1346,1342,14,232.03
2025-02-21,Line C,Gurugram,480,114,1274,1088,63,354.44
2025-02-21,EV Line,Sanand,480,157,1260,1030,45,105.87
2025-02-21,Battery Line,Chennai,480,17,1349,1217,42,202.08
2025-02-22,Line A,Pune,480,158,1211,880,22,134.05
2025-02-22,Line B,Sanand,480,116,1455,1558,8,252.05
2025-02-22,Line C,Pune,480,97,771,596,35,206.61
2025-02-22,EV Line,Pune,480,124,856,843,43,207.91
2025-02-22,Battery Line,Pune,480,99,884,671,26,127.88
2025-02-23,Line A,Bengaluru EV Plant,480,103,1163,1244,75,559.75
2025-02-23,Line B,Pune,480,46,1006,1069,26,320.72
2025-02-23,Line C,Pune,480,40,1477,1094,68,467.54
2025-02-23,EV Line,Bengaluru EV Plant,480,154,949,885,57,343.02
2025-02-23,Battery Line,Chennai,480,46,1493,1069,63,332.74
2025-02-24,Line A,Sanand,480,34,1179,1222,25,186.47
2025-02-24,Line B,Sanand,480,45,1541,1305,73,341.59
2025-02-24,Line C,Gurugram,480,86,1387,1302,23,248.96
2025-02-24,EV Line,Sanand,480,119,1205,958,52,174.35
2025-02-24,Battery Line,Pune,480,37,896,636,11,144.84
2025-02-25,Line A,Sanand,480,100,1589,1712,76,747.3
2025-02-25,Line B,Sanand,480,97,890,648,19,146.58
2025-02-25,Line C,Gurugram,480,156,783,674,11,118.24
2025-02-25,EV Line,Chennai,480,93,1435,1169,15,333.43
2025-02-25,Battery Line,Pune,480,73,786,834,4,97.19
2025-02-26,Line A,Gurugram,480,114,1494,1115,45,192.25
2025-02-26,Line B,Bengaluru EV Plant,480,85,1004,1011,28,422.25
2025-02-26,Line C,Chennai,480,128,1190,1142,68,121.56
2025-02-26,EV Line,Pune,480,80,1101,1033,14,445.61
2025-02-26,Battery Line,Bengaluru EV Plant,480,75,835,820,34,189.72
2025-02-27,Line A,Pune,480,61,1320,1255,75,222.46
2025-02-27,Line B,Bengaluru EV Plant,480,51,1015,816,18,246.6
2025-02-27,Line C,Sanand,480,134,998,982,41,193.01
2025-02-27,EV Line,Chennai,480,32,1184,883,60,168.52
2025-02-27,Battery Line,Pune,480,121,1561,1526,58,265.43
2025-02-28,Line A,Gurugram,480,41,824,821,18,100.37
2025-02-28,Line B,Bengaluru EV Plant,480,124,1550,1134,44,284.68
2025-02-28,Line C,Bengaluru EV Plant,480,78,983,810,51,104.13
2025-02-28,EV Line,Gurugram,480,51,1409,1233,85,525.68
2025-02-28,Battery Line,Chennai,480,152,1114,1190,22,486.58
2025-03-01,Line A,Sanand,480,89,1343,1448,83,359.4
2025-03-01,Line B,Bengaluru EV Plant,480,46,1579,1122,68,117.61
2025-03-01,Line C,Chennai,480,52,1299,1247,38,347.83
2025-03-01,EV Line,Pune,480,59,1227,954,60,427.18
2025-03-01,Battery Line,Gurugram,480,98,1087,860,13,328.36
2025-03-02,Line A,Bengaluru EV Plant,480,100,915,727,13,175.44
2025-03-02,Line B,Bengaluru EV Plant,480,99,886,797,37,159.32
2025-03-02,Line C,Sanand,480,12,1350,1321,35,146.88
2025-03-02,EV Line,Sanand,480,120,1261,1150,54,510.76
2025-03-02,Battery Line,Bengaluru EV Plant,480,109,932,769,34,178.87
2025-03-03,Line A,Sanand,480,105,1530,1371,82,164.51
2025-03-03,Line B,Gurugram,480,110,1549,1286,10,385.34
2025-03-03,Line C,Sanand,480,15,898,965,10,157.98
2025-03-03,EV Line,Sanand,480,125,1461,1542,71,181.71
2025-03-03,Battery Line,Gurugram,480,152,864,727,39,235.78
2025-03-04,Line A,Chennai,480,156,1286,1291,10,495.57
2025-03-04,Line B,Gurugram,480,81,1248,894,40,328.82
2025-03-04,Line C,Sanand,480,81,1384,1437,54,387.82
2025-03-04,EV Line,Pune,480,31,1100,1115,4,395.07
2025-03-04,Battery Line,Pune,480,46,1492,1328,21,407.86
2025-03-05,Line A,Pune,480,20,947,900,15,100.79
2025-03-05,Line B,Sanand,480,139,1409,1465,33,281.2
2025-03-05,Line C,Chennai,480,124,1499,1471,86,165.1
2025-03-05,EV Line,Chennai,480,9,847,771,7,220.82
2025-03-05,Battery Line,Pune,480,14,1458,1381,61,148.32
2025-03-06,Line A,Pune,480,101,837,857,18,86.97
2025-03-06,Line B,Gurugram,480,103,1519,1571,95,240.06
2025-03-06,Line C,Chennai,480,72,875,650,44,278.31
2025-03-06,EV Line,Sanand,480,65,1528,1111,71,301.16
2025-03-06,Battery Line,Pune,480,32,1121,898,26,338.06
2025-03-07,Line A,Gurugram,480,20,844,691,6,258.39
2025-03-07,Line B,Sanand,480,13,1475,1170,4,302.75
2025-03-07,Line C,Gurugram,480,103,1505,1494,28,395.72
2025-03-07,EV Line,Sanand,480,105,1521,1287,15,435.87
2025-03-07,Battery Line,Chennai,480,83,1499,1064,50,296.83
2025-03-08,Line A,Sanand,480,103,1292,1273,75,265.12
2025-03-08,Line B,Gurugram,480,60,1597,1125,68,498.87
2025-03-08,Line C,Pune,480,70,1541,1348,37,599.64
2025-03-08,EV Line,Chennai,480,94,1598,1297,67,211.74
2025-03-08,Battery Line,Gurugram,480,50,1218,1065,62,157.42
2025-03-09,Line A,Gurugram,480,77,980,805,6,212.77
2025-03-09,Line B,Sanand,480,67,1492,1107,33,111.93
2025-03-09,Line C,Pune,480,159,1069,813,50,240.31
2025-03-09,EV Line,Pune,480,7,1366,1356,87,257.75
2025-03-09,Battery Line,Bengaluru EV Plant,480,40,1435,1412,24,163.13
2025-03-10,Line A,Chennai,480,96,1038,1062,13,223.46
2025-03-10,Line B,Gurugram,480,116,780,774,49,317.73
2025-03-10,Line C,Chennai,480,25,1114,1132,22,146.13
2025-03-10,EV Line,Sanand,480,130,1302,944,65,358.84
2025-03-10,Battery Line,Bengaluru EV Plant,480,84,1544,1585,47,376.23
2025-03-11,Line A,Chennai,480,101,1368,1234,74,330.52
2025-03-11,Line B,Gurugram,480,137,1057,774,13,135.5
2025-03-11,Line C,Bengaluru EV Plant,480,82,1539,1275,12,238.47
2025-03-11,EV Line,Bengaluru EV Plant,480,117,1388,1496,56,641.54
2025-03-11,Battery Line,Chennai,480,102,1293,1017,31,249.89
2025-03-12,Line A,Pune,480,118,1471,1181,59,218.91
2025-03-12,Line B,Sanand,480,66,1133,931,34,119.34
2025-03-12,Line C,Chennai,480,27,807,835,3,268.62
2025-03-12,EV Line,Bengaluru EV Plant,480,88,788,797,49,117.36
2025-03-12,Battery Line,Sanand,480,146,883,815,38,169.59
2025-03-13,Line A,Chennai,480,151,1388,1127,23,457.32
2025-03-13,Line B,Gurugram,480,112,797,816,41,328.52
2025-03-13,Line C,Sanand,480,98,1252,1255,17,342.32
2025-03-13,EV Line,Gurugram,480,39,1431,1066,51,374.19
2025-03-13,Battery Line,Gurugram,480,147,1575,1403,17,530.2
2025-03-14,Line A,Chennai,480,133,1221,1138,48,303.39
2025-03-14,Line B,Sanand,480,33,1251,1064,35,425.56
2025-03-14,Line C,Chennai,480,5,911,833,22,174.62
2025-03-14,EV Line,Bengaluru EV Plant,480,132,1233,1005,44,166.18
2025-03-14,Battery Line,Bengaluru EV Plant,480,23,1370,1253,29,507.57
2025-03-15,Line A,Sanand,480,69,1000,907,47,259.03
2025-03-15,Line B,Bengaluru EV Plant,480,62,1102,1163,35,304.0
2025-03-15,Line C,Chennai,480,151,1386,1208,8,151.62
2025-03-15,EV Line,Chennai,480,16,896,852,57,160.48
2025-03-15,Battery Line,Gurugram,480,59,1199,1174,5,322.92
2025-03-16,Line A,Pune,480,139,1156,1003,54,448.29
2025-03-16,Line B,Sanand,480,145,888,752,41,186.29
2025-03-16,Line C,Sanand,480,137,1158,1184,20,146.56
2025-03-16,EV Line,Chennai,480,76,1493,1133,67,281.63
2025-03-16,Battery Line,Chennai,480,15,1095,859,52,247.78
2025-03-17,Line A,Bengaluru EV Plant,480,84,1364,1315,76,197.89
2025-03-17,Line B,Pune,480,41,771,718,15,178.08
2025-03-17,Line C,Pune,480,11,894,694,6,164.89
2025-03-17,EV Line,Chennai,480,20,1177,1013,8,250.85
2025-03-17,Battery Line,Bengaluru EV Plant,480,80,799,614,35,252.75
2025-03-18,Line A,Chennai,480,128,752,554,7,221.56
2025-03-18,Line B,Sanand,480,15,1550,1137,38,488.91
2025-03-18,Line C,Pune,480,128,1265,1091,44,118.22
2025-03-18,EV Line,Sanand,480,24,1402,1157,3,256.21
2025-03-18,Battery Line,Sanand,480,131,1542,1367,81,460.62
2025-03-19,Line A,Gurugram,480,85,1547,1523,50,517.54
2025-03-19,Line B,Gurugram,480,117,1225,883,34,330.19
2025-03-19,Line C,Pune,480,69,1157,1148,10,219.42
2025-03-19,EV Line,Gurugram,480,72,1055,1107,39,430.54
2025-03-19,Battery Line,Gurugram,480,28,913,817,7,255.65
2025-03-20,Line A,Gurugram,480,141,767,716,48,251.05
2025-03-20,Line B,Chennai,480,91,922,932,63,405.01
2025-03-20,Line C,Sanand,480,91,804,666,4,81.76
2025-03-20,EV Line,Bengaluru EV Plant,480,132,995,987,18,306.63
2025-03-20,Battery Line,Sanand,480,68,1442,1108,24,399.09
2025-03-21,Line A,Sanand,480,128,1379,1350,72,603.73
2025-03-21,Line B,Sanand,480,58,1400,1436,34,371.18
2025-03-21,Line C,Chennai,480,20,1269,1178,17,145.71
2025-03-21,EV Line,Gurugram,480,70,917,728,33,267.69
2025-03-21,Battery Line,Bengaluru EV Plant,480,110,1437,1032,57,378.83
2025-03-22,Line A,Bengaluru EV Plant,480,123,1253,1137,63,231.28
2025-03-22,Line B,Chennai,480,59,1202,1153,56,356.17
2025-03-22,Line C,Bengaluru EV Plant,480,43,887,871,5,189.33
2025-03-22,EV Line,Sanand,480,81,1080,854,37,136.21
2025-03-22,Battery Line,Sanand,480,71,1554,1359,93,598.67
2025-03-23,Line A,Chennai,480,17,882,771,8,141.29
2025-03-23,Line B,Gurugram,480,17,1158,1055,28,441.73
2025-03-23,Line C,Chennai,480,88,1560,1177,66,216.13
2025-03-23,EV Line,Pune,480,108,1281,1222,43,495.77
2025-03-23,Battery Line,Chennai,480,64,1597,1260,49,182.15
2025-03-24,Line A,Chennai,480,6,1013,710,20,83.93
2025-03-24,Line B,Pune,480,11,1384,1073,35,239.79
2025-03-24,Line C,Bengaluru EV Plant,480,22,1136,1005,44,362.93
2025-03-24,EV Line,Gurugram,480,11,1424,1347,89,392.97
2025-03-24,Battery Line,Pune,480,41,1415,1082,18,270.7
2025-03-25,Line A,Bengaluru EV Plant,480,110,909,691,43,195.04
2025-03-25,Line B,Pune,480,41,1386,1060,35,379.37
2025-03-25,Line C,Pune,480,104,913,925,14,104.58
2025-03-25,EV Line,Gurugram,480,42,1413,997,65,302.97
2025-03-25,Battery Line,Pune,480,105,1026,838,16,326.33
2025-03-26,Line A,Chennai,480,35,1443,1012,51,296.24
2025-03-26,Line B,Bengaluru EV Plant,480,102,932,828,44,365.04
2025-03-26,Line C,Sanand,480,145,1435,1391,44,220.95
2025-03-26,EV Line,Pune,480,75,1050,939,42,398.46
2025-03-26,Battery Line,Gurugram,480,130,1466,1042,53,255.17
2025-03-27,Line A,Pune,480,106,837,740,38,318.65
2025-03-27,Line B,Sanand,480,58,781,783,16,348.57
2025-03-27,Line C,Sanand,480,147,1385,1090,67,240.37
2025-03-27,EV Line,Chennai,480,46,941,864,39,97.96
2025-03-27,Battery Line,Chennai,480,94,1040,769,3,169.5
2025-03-28,Line A,Bengaluru EV Plant,480,136,1526,1460,88,574.32
2025-03-28,Line B,Sanand,480,16,1283,943,17,148.32
2025-03-28,Line C,Sanand,480,92,1327,1232,82,493.15
2025-03-28,EV Line,Chennai,480,127,862,669,14,266.2
2025-03-28,Battery Line,Gurugram,480,139,1213,1194,70,259.25
2025-03-29,Line A,Gurugram,480,10,1236,928,61,337.15
2025-03-29,Line B,Sanand,480,83,843,886,33,103.42
2025-03-29,Line C,Chennai,480,104,1547,1361,72,266.96
2025-03-29,EV Line,Chennai,480,157,750,799,20,251.07
2025-03-29,Battery Line,Sanand,480,100,780,766,38,315.51
2025-03-30,Line A,Sanand,480,44,996,910,47,126.26
2025-03-30,Line B,Bengaluru EV Plant,480,116,1483,1089,20,378.92
2025-03-30,Line C,Sanand,480,141,1424,1206,74,457.03
2025-03-30,EV Line,Pune,480,102,919,926,49,237.18
2025-03-30,Battery Line,Bengaluru EV Plant,480,62,1359,1456,11,435.06
2025-03-31,Line A,Pune,480,111,1339,1027,16,345.92
2025-03-31,Line B,Gurugram,480,72,1152,1036,22,133.92
2025-03-31,Line C,Chennai,480,133,1329,1368,54,491.01
2025-03-31,EV Line,Pune,480,128,791,580,32,157.41
2025-03-31,Battery Line,Sanand,480,40,1037,1078,2,261.83
2025-04-01,Line A,Pune,480,32,998,922,7,284.41
2025-04-01,Line B,Sanand,480,69,1496,1176,12,202.07
2025-04-01,Line C,Sanand,480,151,1277,1157,67,198.35
2025-04-01,EV Line,Bengaluru EV Plant,480,6,1457,1078,48,202.39
2025-04-01,Battery Line,Bengaluru EV Plant,480,127,1362,1106,33,229.03
2025-04-02,Line A,Bengaluru EV Plant,480,137,874,912,54,410.24
2025-04-02,Line B,Pune,480,29,1068,793,9,174.67
2025-04-02,Line C,Bengaluru EV Plant,480,38,1319,1342,6,298.54
2025-04-02,EV Line,Chennai,480,96,928,659,15,72.12
2025-04-02,Battery Line,Gurugram,480,69,896,635,2,278.31
2025-04-03,Line A,Pune,480,66,1564,1166,55,306.08
2025-04-03,Line B,Pune,480,115,1370,1312,38,463.97
2025-04-03,Line C,Gurugram,480,75,1520,1535,32,404.79
2025-04-03,EV Line,Bengaluru EV Plant,480,26,893,743,49,297.31
2025-04-03,Battery Line,Gurugram,480,152,953,982,20,146.02
2025-04-04,Line A,Bengaluru EV Plant,480,95,1492,1428,75,329.19
2025-04-04,Line B,Gurugram,480,81,770,754,20,258.37
2025-04-04,Line C,Chennai,480,19,848,743,21,188.85
2025-04-04,EV Line,Chennai,480,11,1127,1150,61,342.97
2025-04-04,Battery Line,Pune,480,132,1013,966,64,131.0
2025-04-05,Line A,Pune,480,116,994,1011,54,187.0
2025-04-05,Line B,Gurugram,480,6,1481,1570,49,524.52
2025-04-05,Line C,Gurugram,480,36,1565,1403,23,530.13
2025-04-05,EV Line,Pune,480,70,1315,1349,34,320.2
2025-04-05,Battery Line,Pune,480,12,1279,1015,50,318.62
2025-04-06,Line A,Bengaluru EV Plant,480,46,769,623,6,84.43
2025-04-06,Line B,Pune,480,37,885,761,10,240.07
2025-04-06,Line C,Gurugram,480,89,901,699,25,193.5
2025-04-06,EV Line,Sanand,480,136,920,963,51,409.37
2025-04-06,Battery Line,Pune,480,152,865,619,5,182.12
2025-04-07,Line A,Chennai,480,71,1171,1083,61,151.23
2025-04-07,Line B,Chennai,480,139,803,657,29,96.83
2025-04-07,Line C,Bengaluru EV Plant,480,65,1043,1038,15,356.04
2025-04-07,EV Line,Gurugram,480,117,1172,996,14,374.62
2025-04-07,Battery Line,Bengaluru EV Plant,480,114,1109,1030,50,370.64
2025-04-08,Line A,Chennai,480,151,963,981,63,350.22
2025-04-08,Line B,Gurugram,480,157,1132,982,60,124.02
2025-04-08,Line C,Gurugram,480,146,755,708,35,79.33
2025-04-08,EV Line,Sanand,480,9,1392,1263,50,375.03
2025-04-08,Battery Line,Bengaluru EV Plant,480,65,882,619,30,264.66
2025-04-09,Line A,Sanand,480,104,981,839,55,111.18
2025-04-09,Line B,Chennai,480,31,905,727,24,239.13
2025-04-09,Line C,Gurugram,480,140,1167,1072,27,164.75
2025-04-09,EV Line,Gurugram,480,39,846,791,23,281.0
2025-04-09,Battery Line,Pune,480,63,830,634,9,187.38
2025-04-10,Line A,Pune,480,48,871,907,61,404.74
2025-04-10,Line B,Chennai,480,12,1024,1091,59,286.59
2025-04-10,Line C,Bengaluru EV Plant,480,55,932,913,39,246.71
2025-04-10,EV Line,Bengaluru EV Plant,480,128,1192,958,58,170.79
2025-04-10,Battery Line,Chennai,480,117,786,806,32,83.12
2025-04-11,Line A,Sanand,480,50,1004,1023,25,195.6
2025-04-11,Line B,Gurugram,480,93,1323,1014,40,113.49
2025-04-11,Line C,Bengaluru EV Plant,480,116,816,701,41,156.21
2025-04-11,EV Line,Bengaluru EV Plant,480,113,1493,1236,35,258.84
2025-04-11,Battery Line,Pune,480,68,830,829,49,322.69
2025-04-12,Line A,Chennai,480,48,1288,1009,45,295.94
2025-04-12,Line B,Bengaluru EV Plant,480,129,1538,1417,3,273.83
2025-04-12,Line C,Pune,480,125,1145,1019,58,425.65
2025-04-12,EV Line,Chennai,480,82,1014,750,41,311.34
2025-04-12,Battery Line,Chennai,480,34,999,956,25,178.42
2025-04-13,Line A,Pune,480,105,1123,799,10,106.56
2025-04-13,Line B,Chennai,480,57,1523,1303,4,428.2
2025-04-13,Line C,Pune,480,136,798,778,22,252.95
2025-04-13,EV Line,Chennai,480,17,1131,973,12,394.22
2025-04-13,Battery Line,Chennai,480,17,1362,1214,82,349.63
2025-04-14,Line A,Bengaluru EV Plant,480,124,1088,1025,2,245.64
2025-04-14,Line B,Gurugram,480,89,1022,810,50,308.76
2025-04-14,Line C,Sanand,480,23,961,805,43,223.78
2025-04-14,EV Line,Pune,480,37,1237,887,17,356.66
2025-04-14,Battery Line,Gurugram,480,73,1363,1005,48,416.86
2025-04-15,Line A,Pune,480,106,1229,1235,22,151.45
2025-04-15,Line B,Bengaluru EV Plant,480,11,1011,1008,44,306.42
2025-04-15,Line C,Gurugram,480,9,1439,1080,51,212.16
2025-04-15,EV Line,Bengaluru EV Plant,480,13,1254,992,66,146.15
2025-04-15,Battery Line,Pune,480,120,1277,1366,54,457.56
2025-04-16,Line A,Pune,480,52,1186,966,13,396.23
2025-04-16,Line B,Chennai,480,138,1210,1179,55,486.58
2025-04-16,Line C,Gurugram,480,52,1455,1409,47,188.45
2025-04-16,EV Line,Sanand,480,55,843,735,9,235.83
2025-04-16,Battery Line,Gurugram,480,18,1244,1205,72,385.07
2025-04-17,Line A,Pune,480,92,1259,960,28,125.92
2025-04-17,Line B,Gurugram,480,27,1392,1209,12,280.02
2025-04-17,Line C,Bengaluru EV Plant,480,8,912,696,30,233.62
2025-04-17,EV Line,Chennai,480,48,1132,1056,40,240.25
2025-04-17,Battery Line,Bengaluru EV Plant,480,29,956,955,42,285.25
2025-04-18,Line A,Gurugram,480,8,845,688,10,216.38
2025-04-18,Line B,Gurugram,480,87,902,972,36,326.78
2025-04-18,Line C,Sanand,480,85,942,926,28,107.52
2025-04-18,EV Line,Sanand,480,56,1487,1247,79,276.45
2025-04-18,Battery Line,Sanand,480,6,937,905,28,267.59
2025-04-19,Line A,Sanand,480,75,787,619,4,130.85
2025-04-19,Line B,Gurugram,480,55,980,876,59,388.15
2025-04-19,Line C,Bengaluru EV Plant,480,109,812,587,6,130.45
2025-04-19,EV Line,Pune,480,155,1586,1578,109,521.82
2025-04-19,Battery Line,Bengaluru EV Plant,480,92,1408,1513,84,355.74
2025-04-20,Line A,Gurugram,480,133,997,988,47,314.82
2025-04-20,Line B,Sanand,480,132,1049,888,12,92.03
2025-04-20,Line C,Pune,480,158,956,953,32,256.75
2025-04-20,EV Line,Bengaluru EV Plant,480,74,1493,1199,40,487.43
2025-04-20,Battery Line,Pune,480,12,1090,1003,26,216.42
2025-04-21,Line A,Bengaluru EV Plant,480,36,1523,1600,24,247.09
2025-04-21,Line B,Bengaluru EV Plant,480,151,776,704,21,240.28
2025-04-21,Line C,Sanand,480,145,1191,979,33,319.92
2025-04-21,EV Line,Bengaluru EV Plant,480,131,788,589,4,184.98
2025-04-21,Battery Line,Chennai,480,136,1173,954,8,151.91
2025-04-22,Line A,Chennai,480,119,1049,1027,29,226.3
2025-04-22,Line B,Bengaluru EV Plant,480,69,1425,1361,76,482.98
2025-04-22,Line C,Pune,480,142,966,844,34,241.5
2025-04-22,EV Line,Gurugram,480,53,1458,1273,77,183.46
2025-04-22,Battery Line,Chennai,480,136,1037,934,5,351.02
2025-04-23,Line A,Chennai,480,62,1004,960,51,138.07
2025-04-23,Line B,Sanand,480,112,1538,1575,94,703.82
2025-04-23,Line C,Chennai,480,40,857,777,38,332.44
2025-04-23,EV Line,Chennai,480,16,1039,830,36,270.35
2025-04-23,Battery Line,Gurugram,480,96,1503,1384,14,584.85
2025-04-24,Line A,Bengaluru EV Plant,480,45,966,856,22,171.32
2025-04-24,Line B,Bengaluru EV Plant,480,69,903,846,40,134.4
2025-04-24,Line C,Bengaluru EV Plant,480,102,1333,1258,86,431.53
2025-04-24,EV Line,Pune,480,5,1395,1228,43,443.24
2025-04-24,Battery Line,Chennai,480,139,1490,1151,22,255.7
2025-04-25,Line A,Sanand,480,24,1140,1124,21,447.77
2025-04-25,Line B,Gurugram,480,139,1503,1074,73,455.78
2025-04-25,Line C,Bengaluru EV Plant,480,14,886,749,37,134.56
2025-04-25,EV Line,Chennai,480,5,1493,1443,91,191.72
2025-04-25,Battery Line,Gurugram,480,62,966,745,31,322.7
2025-04-26,Line A,Bengaluru EV Plant,480,20,776,678,10,141.41
2025-04-26,Line B,Pune,480,7,1058,939,5,207.01
2025-04-26,Line C,Gurugram,480,100,903,729,3,184.38
2025-04-26,EV Line,Pune,480,124,1253,1213,25,230.26
2025-04-26,Battery Line,Sanand,480,14,1397,1318,14,405.37
2025-04-27,Line A,Bengaluru EV Plant,480,94,1333,1141,31,285.92
2025-04-27,Line B,Chennai,480,145,1222,974,17,329.91
2025-04-27,Line C,Pune,480,117,1092,775,37,251.24
2025-04-27,EV Line,Chennai,480,99,1333,1261,33,149.9
2025-04-27,Battery Line,Gurugram,480,15,1150,984,64,129.14
2025-04-28,Line A,Chennai,480,64,786,557,31,139.91
2025-04-28,Line B,Sanand,480,33,763,674,35,162.3
2025-04-28,Line C,Bengaluru EV Plant,480,55,1450,1339,3,555.29
2025-04-28,EV Line,Pune,480,124,1576,1492,44,572.83
2025-04-28,Battery Line,Gurugram,480,75,1524,1235,22,203.71
2025-04-29,Line A,Gurugram,480,25,1308,943,50,405.2
2025-04-29,Line B,Sanand,480,14,1489,1076,33,190.96
2025-04-29,Line C,Sanand,480,26,1515,1207,13,344.31
2025-04-29,EV Line,Bengaluru EV Plant,480,147,1255,1225,77,460.79
2025-04-29,Battery Line,Gurugram,480,137,1363,981,39,325.41
2025-04-30,Line A,Sanand,480,13,1548,1544,70,506.43
2025-04-30,Line B,Gurugram,480,54,1539,1308,66,395.73
2025-04-30,Line C,Pune,480,67,1422,1145,29,214.7
2025-04-30,EV Line,Gurugram,480,23,939,990,32,361.73
2025-04-30,Battery Line,Gurugram,480,27,912,984,29,123.65
2025-05-01,Line A,Chennai,480,122,1284,1140,78,193.69
2025-05-01,Line B,Bengaluru EV Plant,480,75,1068,756,2,86.2
2025-05-01,Line C,Chennai,480,15,815,815,19,363.71
2025-05-01,EV Line,Pune,480,158,788,555,12,238.65
2025-05-01,Battery Line,Bengaluru EV Plant,480,15,1060,994,36,155.3
2025-05-02,Line A,Chennai,480,82,988,836,36,206.32
2025-05-02,Line B,Sanand,480,76,1515,1174,43,215.2
2025-05-02,Line C,Bengaluru EV Plant,480,12,1553,1446,85,240.42
2025-05-02,EV Line,Bengaluru EV Plant,480,121,1599,1391,36,549.85
2025-05-02,Battery Line,Bengaluru EV Plant,480,48,989,779,31,243.47
2025-05-03,Line A,Pune,480,119,1532,1404,8,195.07
2025-05-03,Line B,Sanand,480,77,1224,1000,66,430.85
2025-05-03,Line C,Gurugram,480,124,1106,1031,40,305.19
2025-05-03,EV Line,Pune,480,9,1300,1338,38,173.97
2025-05-03,Battery Line,Pune,480,72,1131,1191,78,448.82
2025-05-04,Line A,Chennai,480,52,1158,851,6,247.17
2025-05-04,Line B,Chennai,480,60,1078,972,19,342.11
2025-05-04,Line C,Sanand,480,144,1350,1016,52,333.57
2025-05-04,EV Line,Bengaluru EV Plant,480,26,894,733,19,272.0
2025-05-04,Battery Line,Bengaluru EV Plant,480,6,1326,1155,16,226.32
2025-05-05,Line A,Chennai,480,44,1507,1394,56,191.45
2025-05-05,Line B,Gurugram,480,87,913,755,5,338.22
2025-05-05,Line C,Pune,480,54,1196,1134,15,334.13
2025-05-05,EV Line,Gurugram,480,44,1059,855,14,239.97
2025-05-05,Battery Line,Bengaluru EV Plant,480,82,879,885,57,133.01
2025-05-06,Line A,Chennai,480,67,1117,959,28,137.95
2025-05-06,Line B,Chennai,480,47,1232,1310,59,206.25
2025-05-06,Line C,Sanand,480,102,1116,832,14,270.32
2025-05-06,EV Line,Sanand,480,141,1170,1167,27,414.21
2025-05-06,Battery Line,Gurugram,480,128,1438,1055,72,445.09
2025-05-07,Line A,Sanand,480,31,1456,1366,3,256.51
2025-05-07,Line B,Sanand,480,105,1524,1114,2,383.02
2025-05-07,Line C,Sanand,480,63,855,805,20,289.62
2025-05-07,EV Line,Sanand,480,35,1284,1178,57,449.64
2025-05-07,Battery Line,Pune,480,149,1410,1178,6,357.22
2025-05-08,Line A,Sanand,480,65,1595,1396,6,423.7
2025-05-08,Line B,Gurugram,480,28,1423,1166,57,460.23
2025-05-08,Line C,Bengaluru EV Plant,480,27,763,778,34,98.03
2025-05-08,EV Line,Gurugram,480,120,1222,940,22,118.42
2025-05-08,Battery Line,Pune,480,117,845,872,9,182.61
2025-05-09,Line A,Pune,480,159,1039,947,29,154.78
2025-05-09,Line B,Chennai,480,149,907,799,53,239.7
2025-05-09,Line C,Pune,480,156,1014,762,5,178.65
2025-05-09,EV Line,Chennai,480,35,1523,1271,72,477.52
2025-05-09,Battery Line,Pune,480,21,1232,991,39,421.42
2025-05-10,Line A,Pune,480,5,754,746,29,201.89
2025-05-10,Line B,Bengaluru EV Plant,480,62,927,989,4,103.14
2025-05-10,Line C,Gurugram,480,146,1483,1274,84,228.23
2025-05-10,EV Line,Chennai,480,131,885,861,13,283.14
2025-05-10,Battery Line,Pune,480,127,765,627,35,217.98
2025-05-11,Line A,Sanand,480,156,1258,973,44,285.37
2025-05-11,Line B,Pune,480,11,760,692,46,189.8
2025-05-11,Line C,Bengaluru EV Plant,480,67,1497,1400,13,365.81
2025-05-11,EV Line,Sanand,480,158,757,772,29,213.41
2025-05-11,Battery Line,Pune,480,8,1498,1363,92,303.42
2025-05-12,Line A,Gurugram,480,130,889,635,43,243.27
2025-05-12,Line B,Gurugram,480,110,1496,1484,22,242.82
2025-05-12,Line C,Gurugram,480,86,964,702,2,134.83
2025-05-12,EV Line,Bengaluru EV Plant,480,13,930,929,42,347.63
2025-05-12,Battery Line,Chennai,480,87,1489,1440,59,519.83
2025-05-13,Line A,Pune,480,113,1324,1204,35,486.74
2025-05-13,Line B,Pune,480,91,1055,945,13,165.49
2025-05-13,Line C,Chennai,480,39,1339,1319,18,468.15
2025-05-13,EV Line,Sanand,480,138,1387,1023,63,405.92
2025-05-13,Battery Line,Sanand,480,119,1008,839,7,329.74
2025-05-14,Line A,Pune,480,46,1154,1153,65,154.52
2025-05-14,Line B,Bengaluru EV Plant,480,74,827,891,11,192.81
2025-05-14,Line C,Sanand,480,95,1403,1274,4,552.75
2025-05-14,EV Line,Bengaluru EV Plant,480,22,1119,1193,49,385.64
2025-05-14,Battery Line,Gurugram,480,137,902,967,37,346.02
2025-05-15,Line A,Chennai,480,30,1523,1340,86,502.84
2025-05-15,Line B,Pune,480,149,1384,1422,21,273.52
2025-05-15,Line C,Gurugram,480,83,1532,1475,71,251.52
2025-05-15,EV Line,Pune,480,99,1592,1419,13,542.53
2025-05-15,Battery Line,Sanand,480,126,981,1031,36,237.25
2025-05-16,Line A,Bengaluru EV Plant,480,100,1015,861,23,243.09
2025-05-16,Line B,Sanand,480,119,1478,1103,12,381.16
2025-05-16,Line C,Pune,480,66,1482,1385,70,165.6
2025-05-16,EV Line,Gurugram,480,109,1310,1246,11,276.5
2025-05-16,Battery Line,Chennai,480,6,1526,1259,38,532.85
2025-05-17,Line A,Pune,480,13,1101,1035,18,341.57
2025-05-17,Line B,Bengaluru EV Plant,480,153,1097,1077,24,430.94
2025-05-17,Line C,Pune,480,101,1357,1094,75,198.09
2025-05-17,EV Line,Bengaluru EV Plant,480,127,1578,1332,19,209.25
2025-05-17,Battery Line,Pune,480,24,1367,1187,23,461.17
2025-05-18,Line A,Sanand,480,28,1455,1485,29,261.71
2025-05-18,Line B,Sanand,480,64,1281,1041,30,131.6
2025-05-18,Line C,Chennai,480,150,1259,938,54,255.9
2025-05-18,EV Line,Gurugram,480,127,1025,922,52,356.2
2025-05-18,Battery Line,Bengaluru EV Plant,480,60,1401,1176,67,449.59
2025-05-19,Line A,Pune,480,145,1478,1284,73,471.95
2025-05-19,Line B,Pune,480,137,1081,840,4,113.52
2025-05-19,Line C,Gurugram,480,120,989,915,63,286.97
2025-05-19,EV Line,Bengaluru EV Plant,480,40,1321,1180,18,452.18
2025-05-19,Battery Line,Sanand,480,6,1065,869,5,383.32
2025-05-20,Line A,Pune,480,112,1225,1134,70,250.92
2025-05-20,Line B,Chennai,480,99,971,786,27,126.85
2025-05-20,Line C,Sanand,480,105,1577,1466,41,265.22
2025-05-20,EV Line,Chennai,480,116,1108,1061,57,269.94
2025-05-20,Battery Line,Sanand,480,59,1113,1166,33,260.66
2025-05-21,Line A,Chennai,480,108,917,762,48,228.24
2025-05-21,Line B,Pune,480,132,1500,1059,10,300.97
2025-05-21,Line C,Chennai,480,61,755,701,37,81.28
2025-05-21,EV Line,Pune,480,138,1485,1356,70,512.15
2025-05-21,Battery Line,Gurugram,480,69,1424,1178,30,178.18
2025-05-22,Line A,Gurugram,480,8,1188,972,50,154.07
2025-05-22,Line B,Bengaluru EV Plant,480,79,890,747,9,130.56
2025-05-22,Line C,Pune,480,112,1031,950,38,229.37
2025-05-22,EV Line,Pune,480,14,1511,1147,39,383.7
2025-05-22,Battery Line,Pune,480,92,810,832,52,123.68
2025-05-23,Line A,Gurugram,480,32,1360,1427,67,311.35
2025-05-23,Line B,Gurugram,480,30,1376,1383,36,355.65
2025-05-23,Line C,Pune,480,119,998,943,38,182.52
2025-05-23,EV Line,Chennai,480,19,797,687,36,300.31
2025-05-23,Battery Line,Pune,480,45,785,655,42,108.46
2025-05-24,Line A,Chennai,480,140,1425,1235,47,376.77
2025-05-24,Line B,Gurugram,480,138,1568,1121,16,298.19
2025-05-24,Line C,Gurugram,480,152,1109,1114,60,219.49
2025-05-24,EV Line,Gurugram,480,110,1225,1158,21,257.21
2025-05-24,Battery Line,Bengaluru EV Plant,480,23,1334,1365,43,261.74
2025-05-25,Line A,Chennai,480,78,1047,948,62,150.98
2025-05-25,Line B,Gurugram,480,75,1415,1523,40,478.44
2025-05-25,Line C,Gurugram,480,148,1459,1163,53,203.34
2025-05-25,EV Line,Sanand,480,98,867,720,7,242.55
2025-05-25,Battery Line,Sanand,480,35,1393,1431,12,479.56
2025-05-26,Line A,Chennai,480,121,1174,928,43,417.13
2025-05-26,Line B,Bengaluru EV Plant,480,18,758,761,37,126.76
2025-05-26,Line C,Gurugram,480,153,1409,1038,13,256.47
2025-05-26,EV Line,Gurugram,480,98,964,1002,61,339.76
2025-05-26,Battery Line,Pune,480,69,1486,1416,85,367.13
2025-05-27,Line A,Chennai,480,96,1593,1701,8,357.44
2025-05-27,Line B,Pune,480,58,1413,1263,70,131.32
2025-05-27,Line C,Pune,480,124,1077,1051,20,217.02
2025-05-27,EV Line,Bengaluru EV Plant,480,145,894,959,7,195.8
2025-05-27,Battery Line,Bengaluru EV Plant,480,122,1390,1303,73,264.65
2025-05-28,Line A,Sanand,480,85,819,832,7,206.53
2025-05-28,Line B,Pune,480,101,999,967,11,258.19
2025-05-28,Line C,Chennai,480,147,1172,938,27,191.0
2025-05-28,EV Line,Gurugram,480,81,994,792,38,137.99
2025-05-28,Battery Line,Gurugram,480,55,1358,978,18,262.89
2025-05-29,Line A,Bengaluru EV Plant,480,130,1422,1159,58,433.83
2025-05-29,Line B,Gurugram,480,13,1575,1683,2,513.47
2025-05-29,Line C,Bengaluru EV Plant,480,152,1534,1185,4,496.66
2025-05-29,EV Line,Gurugram,480,25,1549,1334,76,183.76
2025-05-29,Battery Line,Bengaluru EV Plant,480,27,1432,1275,11,523.83
2025-05-30,Line A,Sanand,480,131,1522,1290,16,544.47
2025-05-30,Line B,Gurugram,480,46,842,878,58,381.6
2025-05-30,Line C,Gurugram,480,49,760,590,33,227.69
2025-05-30,EV Line,Chennai,480,12,1503,1059,51,429.91
2025-05-30,Battery Line,Chennai,480,114,969,935,57,383.16
2025-05-31,Line A,Chennai,480,130,955,706,16,193.05
2025-05-31,Line B,Pune,480,97,1597,1187,54,531.75
2025-05-31,Line C,Gurugram,480,42,1272,1205,27,233.98
2025-05-31,EV Line,Gurugram,480,40,759,738,48,193.25
2025-05-31,Battery Line,Sanand,480,99,1304,1240,53,531.22
2025-06-01,Line A,Bengaluru EV Plant,480,101,973,770,29,197.89
2025-06-01,Line B,Bengaluru EV Plant,480,98,1085,942,35,168.73
2025-06-01,Line C,Bengaluru EV Plant,480,91,1578,1449,19,384.18
2025-06-01,EV Line,Bengaluru EV Plant,480,55,1069,958,16,335.82
2025-06-01,Battery Line,Chennai,480,80,1559,1208,45,543.16
2025-06-02,Line A,Sanand,480,39,788,847,2,100.1
2025-06-02,Line B,Pune,480,134,1180,958,31,194.71
2025-06-02,Line C,Pune,480,90,1427,1227,50,286.1
2025-06-02,EV Line,Sanand,480,46,1580,1619,25,705.59
2025-06-02,Battery Line,Pune,480,68,1289,976,14,380.52
2025-06-03,Line A,Chennai,480,149,753,642,8,280.03
2025-06-03,Line B,Gurugram,480,56,893,695,4,256.0
2025-06-03,Line C,Bengaluru EV Plant,480,128,1206,893,23,233.58
2025-06-03,EV Line,Bengaluru EV Plant,480,89,1186,850,18,116.38
2025-06-03,Battery Line,Sanand,480,34,1368,1418,42,352.68
2025-06-04,Line A,Pune,480,81,1425,1137,77,363.5
2025-06-04,Line B,Chennai,480,16,922,986,11,267.49
2025-06-04,Line C,Gurugram,480,127,1597,1417,39,355.94
2025-06-04,EV Line,Chennai,480,60,1335,1225,56,260.27
2025-06-04,Battery Line,Bengaluru EV Plant,480,55,781,577,10,253.23
2025-06-05,Line A,Chennai,480,125,823,611,5,198.63
2025-06-05,Line B,Chennai,480,77,1420,1108,19,194.35
2025-06-05,Line C,Sanand,480,30,1091,1064,2,362.26
2025-06-05,EV Line,Bengaluru EV Plant,480,35,893,756,12,194.12
2025-06-05,Battery Line,Bengaluru EV Plant,480,126,1172,936,51,400.54
2025-06-06,Line A,Pune,480,43,1542,1105,57,169.47
2025-06-06,Line B,Pune,480,22,817,784,4,297.54
2025-06-06,Line C,Sanand,480,157,770,746,15,187.62
2025-06-06,EV Line,Pune,480,26,993,920,2,366.33
2025-06-06,Battery Line,Chennai,480,92,1181,859,37,326.92
2025-06-07,Line A,Chennai,480,150,1410,1289,48,242.11
2025-06-07,Line B,Sanand,480,81,1593,1236,28,470.6
2025-06-07,Line C,Sanand,480,62,1584,1518,3,672.37
2025-06-07,EV Line,Chennai,480,145,809,850,10,264.75
2025-06-07,Battery Line,Bengaluru EV Plant,480,12,1102,1070,62,408.59
2025-06-08,Line A,Sanand,480,132,1454,1488,9,431.45
2025-06-08,Line B,Gurugram,480,152,1211,1096,23,327.5
2025-06-08,Line C,Gurugram,480,132,1071,757,4,255.58
2025-06-08,EV Line,Sanand,480,137,1141,1061,37,424.29
2025-06-08,Battery Line,Gurugram,480,51,1231,869,3,383.81
2025-06-09,Line A,Chennai,480,68,1436,1079,37,207.95
2025-06-09,Line B,Gurugram,480,116,995,722,16,242.59
2025-06-09,Line C,Bengaluru EV Plant,480,21,787,804,18,114.58
2025-06-09,EV Line,Pune,480,55,801,644,20,96.02
2025-06-09,Battery Line,Gurugram,480,12,1215,1205,48,303.09
2025-06-10,Line A,Gurugram,480,129,973,688,8,69.86
2025-06-10,Line B,Bengaluru EV Plant,480,78,989,889,36,266.89
2025-06-10,Line C,Chennai,480,114,1213,1233,60,373.7
2025-06-10,EV Line,Pune,480,15,1164,1189,23,195.76
2025-06-10,Battery Line,Pune,480,130,1104,888,17,373.53
2025-06-11,Line A,Sanand,480,26,992,796,14,179.3
2025-06-11,Line B,Sanand,480,107,1393,1273,40,209.26
2025-06-11,Line C,Chennai,480,111,1275,1202,72,416.66
2025-06-11,EV Line,Pune,480,73,1072,838,8,177.94
2025-06-11,Battery Line,Bengaluru EV Plant,480,26,1279,1308,64,362.86
2025-06-12,Line A,Pune,480,39,1036,737,24,301.92
2025-06-12,Line B,Pune,480,10,1343,1325,31,267.12
2025-06-12,Line C,Chennai,480,106,1165,893,21,383.27
2025-06-12,EV Line,Pune,480,38,783,821,55,83.02
2025-06-12,Battery Line,Bengaluru EV Plant,480,43,796,743,13,163.65
2025-06-13,Line A,Pune,480,90,822,851,32,350.51
2025-06-13,Line B,Chennai,480,39,1252,878,40,319.59
2025-06-13,Line C,Gurugram,480,30,1046,906,3,407.1
2025-06-13,EV Line,Pune,480,81,866,700,9,172.34
2025-06-13,Battery Line,Sanand,480,86,768,768,31,113.01
2025-06-14,Line A,Sanand,480,39,925,773,3,164.43
2025-06-14,Line B,Chennai,480,122,992,719,17,157.34
2025-06-14,Line C,Sanand,480,153,751,657,5,188.44
2025-06-14,EV Line,Sanand,480,52,1549,1449,29,529.2
2025-06-14,Battery Line,Gurugram,480,126,1453,1175,34,369.52
2025-06-15,Line A,Sanand,480,145,955,1001,12,424.32
2025-06-15,Line B,Gurugram,480,84,755,709,34,80.72
2025-06-15,Line C,Sanand,480,58,1021,1012,9,173.71
2025-06-15,EV Line,Bengaluru EV Plant,480,111,854,646,3,123.54
2025-06-15,Battery Line,Chennai,480,71,1179,1182,55,267.52
2025-06-16,Line A,Bengaluru EV Plant,480,62,924,754,38,226.86
2025-06-16,Line B,Bengaluru EV Plant,480,45,999,1068,32,304.73
2025-06-16,Line C,Sanand,480,16,1057,756,45,216.11
2025-06-16,EV Line,Pune,480,102,940,896,42,349.49
2025-06-16,Battery Line,Sanand,480,112,1385,1164,46,286.99
2025-06-17,Line A,Chennai,480,77,868,704,20,309.75
2025-06-17,Line B,Sanand,480,9,1072,1099,70,466.36
2025-06-17,Line C,Chennai,480,69,924,912,10,107.41
2025-06-17,EV Line,Sanand,480,108,1199,1189,18,390.01
2025-06-17,Battery Line,Bengaluru EV Plant,480,113,1246,1114,29,321.16
2025-06-18,Line A,Chennai,480,109,938,660,20,247.72
2025-06-18,Line B,Chennai,480,108,1454,1534,77,562.34
2025-06-18,Line C,Pune,480,79,1056,861,29,120.12
2025-06-18,EV Line,Pune,480,80,1540,1606,15,557.72
2025-06-18,Battery Line,Chennai,480,32,1296,1230,31,172.13
2025-06-19,Line A,Gurugram,480,152,1303,1068,35,167.64
2025-06-19,Line B,Bengaluru EV Plant,480,123,1388,1259,75,246.11
2025-06-19,Line C,Sanand,480,48,1362,1386,93,373.6
2025-06-19,EV Line,Chennai,480,76,1427,1511,42,168.93
2025-06-19,Battery Line,Gurugram,480,137,1284,1228,47,431.49
2025-06-20,Line A,Gurugram,480,75,771,653,23,147.51
2025-06-20,Line B,Chennai,480,17,1075,1104,72,234.21
2025-06-20,Line C,Pune,480,149,1438,1275,44,133.02
2025-06-20,EV Line,Chennai,480,55,1240,1321,62,206.26
2025-06-20,Battery Line,Pune,480,93,1552,1477,19,224.42
2025-06-21,Line A,Pune,480,14,1509,1519,43,435.16
2025-06-21,Line B,Bengaluru EV Plant,480,39,1344,1242,17,180.72
2025-06-21,Line C,Sanand,480,119,1185,1187,6,158.42
2025-06-21,EV Line,Pune,480,17,1569,1265,44,481.99
2025-06-21,Battery Line,Gurugram,480,55,803,758,33,297.1
2025-06-22,Line A,Sanand,480,22,1541,1245,45,208.13
2025-06-22,Line B,Pune,480,132,1422,1193,51,311.81
2025-06-22,Line C,Gurugram,480,149,1381,1114,45,458.85
2025-06-22,EV Line,Bengaluru EV Plant,480,44,1047,986,30,277.17
2025-06-22,Battery Line,Sanand,480,6,951,670,29,123.74
2025-06-23,Line A,Bengaluru EV Plant,480,25,1513,1205,5,160.49
2025-06-23,Line B,Sanand,480,74,1337,1032,20,223.82
2025-06-23,Line C,Gurugram,480,147,826,664,19,86.88
2025-06-23,EV Line,Pune,480,119,766,808,18,137.21
2025-06-23,Battery Line,Pune,480,36,998,701,10,161.6
2025-06-24,Line A,Bengaluru EV Plant,480,34,1409,1507,23,605.87
2025-06-24,Line B,Chennai,480,29,907,895,20,186.88
2025-06-24,Line C,Chennai,480,17,1390,1105,34,448.97
2025-06-24,EV Line,Bengaluru EV Plant,480,129,1433,1197,73,376.56
2025-06-24,Battery Line,Chennai,480,21,1382,1400,58,243.97
2025-06-25,Line A,Sanand,480,158,1399,988,68,176.79
2025-06-25,Line B,Bengaluru EV Plant,480,66,997,1012,40,283.31
2025-06-25,Line C,Bengaluru EV Plant,480,131,1271,1035,66,458.67
2025-06-25,EV Line,Pune,480,10,1240,1037,7,352.22
2025-06-25,Battery Line,Chennai,480,42,1215,1221,32,270.52
2025-06-26,Line A,Pune,480,154,963,891,3,184.81
2025-06-26,Line B,Sanand,480,42,925,907,52,327.83
2025-06-26,Line C,Chennai,480,107,1051,1114,21,290.01
2025-06-26,EV Line,Pune,480,25,1046,1030,55,176.91
2025-06-26,Battery Line,Gurugram,480,46,963,852,14,383.17
2025-06-27,Line A,Sanand,480,88,1088,1105,7,369.04
2025-06-27,Line B,Chennai,480,62,926,718,15,82.2
2025-06-27,Line C,Pune,480,150,1086,1122,5,267.94
2025-06-27,EV Line,Pune,480,140,1145,1046,2,140.69
2025-06-27,Battery Line,Pune,480,155,1505,1522,54,473.55
2025-06-28,Line A,Sanand,480,84,781,769,24,209.36
2025-06-28,Line B,Bengaluru EV Plant,480,98,900,961,10,383.58
2025-06-28,Line C,Pune,480,21,1410,1030,9,229.32
2025-06-28,EV Line,Sanand,480,84,1246,937,30,247.79
2025-06-28,Battery Line,Gurugram,480,141,1012,845,8,198.67
2025-06-29,Line A,Gurugram,480,159,1584,1267,80,133.72
2025-06-29,Line B,Bengaluru EV Plant,480,89,1569,1414,80,532.43
2025-06-29,Line C,Gurugram,480,58,809,803,50,167.84
2025-06-29,EV Line,Bengaluru EV Plant,480,62,1564,1116,38,213.36
2025-06-29,Battery Line,Gurugram,480,154,1002,951,52,219.59
2025-06-30,Line A,Gurugram,480,156,871,775,47,289.76
2025-06-30,Line B,Pune,480,130,861,654,6,183.57
2025-06-30,Line C,Pune,480,119,1468,1382,38,276.18
2025-06-30,EV Line,Pune,480,48,1547,1111,57,299.13
2025-06-30,Battery Line,Sanand,480,117,1297,1232,52,334.51
2025-07-01,Line A,Bengaluru EV Plant,480,35,820,642,13,79.15
2025-07-01,Line B,Gurugram,480,17,928,808,13,332.29
2025-07-01,Line C,Gurugram,480,32,1030,836,41,235.31
2025-07-01,EV Line,Pune,480,7,1264,1307,7,344.25
2025-07-01,Battery Line,Chennai,480,95,820,829,10,159.82
2025-07-02,Line A,Chennai,480,142,1297,1157,18,354.66
2025-07-02,Line B,Chennai,480,53,1436,1138,19,380.29
2025-07-02,Line C,Chennai,480,99,1303,1089,35,338.13
2025-07-02,EV Line,Sanand,480,106,840,720,31,311.47
2025-07-02,Battery Line,Bengaluru EV Plant,480,43,839,882,8,143.83
2025-07-03,Line A,Sanand,480,65,999,728,38,306.63
2025-07-03,Line B,Pune,480,64,1508,1560,35,613.15
2025-07-03,Line C,Sanand,480,91,1558,1539,28,421.75
2025-07-03,EV Line,Gurugram,480,17,1224,1296,33,386.9
2025-07-03,Battery Line,Chennai,480,21,1274,1215,45,314.67
2025-07-04,Line A,Sanand,480,123,1567,1470,59,520.86
2025-07-04,Line B,Sanand,480,91,1001,737,33,110.6
2025-07-04,Line C,Chennai,480,121,1346,1234,29,137.83
2025-07-04,EV Line,Sanand,480,130,1190,1284,87,281.98
2025-07-04,Battery Line,Pune,480,131,936,697,10,273.16
2025-07-05,Line A,Gurugram,480,159,1425,1090,69,138.09
2025-07-05,Line B,Sanand,480,108,1257,1187,7,433.6
2025-07-05,Line C,Chennai,480,75,1547,1472,24,535.15
2025-07-05,EV Line,Bengaluru EV Plant,480,120,1300,1256,74,543.44
2025-07-05,Battery Line,Pune,480,103,1156,1247,60,469.71
2025-07-06,Line A,Bengaluru EV Plant,480,81,1206,903,42,379.09
2025-07-06,Line B,Sanand,480,35,919,694,16,138.19
2025-07-06,Line C,Bengaluru EV Plant,480,50,1249,1277,28,176.91
2025-07-06,EV Line,Bengaluru EV Plant,480,140,1558,1191,32,396.5
2025-07-06,Battery Line,Chennai,480,116,1512,1591,95,262.08
2025-07-07,Line A,Pune,480,124,788,680,17,106.98
2025-07-07,Line B,Chennai,480,80,1187,988,47,351.36
2025-07-07,Line C,Bengaluru EV Plant,480,151,1588,1523,91,497.78
2025-07-07,EV Line,Pune,480,74,1215,1166,39,368.56
2025-07-07,Battery Line,Chennai,480,29,1369,1086,75,316.12
2025-07-08,Line A,Bengaluru EV Plant,480,21,1218,1246,65,469.73
2025-07-08,Line B,Chennai,480,40,936,811,18,210.93
2025-07-08,Line C,Pune,480,16,1389,1392,20,274.76
2025-07-08,EV Line,Chennai,480,60,1322,1062,46,119.91
2025-07-08,Battery Line,Bengaluru EV Plant,480,128,1232,1236,20,424.06
2025-07-09,Line A,Bengaluru EV Plant,480,113,1444,1114,71,250.0
2025-07-09,Line B,Sanand,480,128,980,1044,55,349.45
2025-07-09,Line C,Chennai,480,151,1057,1017,12,396.33
2025-07-09,EV Line,Gurugram,480,39,1239,978,55,283.26
2025-07-09,Battery Line,Gurugram,480,90,763,602,37,136.92
2025-07-10,Line A,Bengaluru EV Plant,480,13,1414,1436,58,339.54
2025-07-10,Line B,Bengaluru EV Plant,480,60,1459,1208,46,166.8
2025-07-10,Line C,Gurugram,480,5,1115,1005,15,152.08
2025-07-10,EV Line,Bengaluru EV Plant,480,153,931,827,21,172.31
2025-07-10,Battery Line,Gurugram,480,80,1179,835,33,276.29
2025-07-11,Line A,Sanand,480,123,1139,828,13,100.47
2025-07-11,Line B,Sanand,480,19,1324,1325,91,541.67
2025-07-11,Line C,Sanand,480,63,1025,1063,33,282.93
2025-07-11,EV Line,Bengaluru EV Plant,480,81,1447,1460,27,329.84
2025-07-11,Battery Line,Pune,480,136,1238,987,10,293.26
2025-07-12,Line A,Bengaluru EV Plant,480,148,983,958,62,152.82
2025-07-12,Line B,Bengaluru EV Plant,480,86,1539,1432,66,479.23
2025-07-12,Line C,Chennai,480,25,847,646,40,215.94
2025-07-12,EV Line,Chennai,480,60,1016,1018,8,438.84
2025-07-12,Battery Line,Bengaluru EV Plant,480,78,1272,1142,10,316.45
2025-07-13,Line A,Chennai,480,14,1092,926,61,259.57
2025-07-13,Line B,Sanand,480,154,1267,1224,5,142.72
2025-07-13,Line C,Pune,480,63,1232,1224,58,251.01
2025-07-13,EV Line,Sanand,480,44,1517,1172,16,339.3
2025-07-13,Battery Line,Pune,480,30,1269,1180,9,132.61
2025-07-14,Line A,Sanand,480,136,1597,1121,17,380.14
2025-07-14,Line B,Pune,480,56,1357,1207,20,343.04
2025-07-14,Line C,Bengaluru EV Plant,480,27,1007,919,33,158.12
2025-07-14,EV Line,Chennai,480,105,1042,778,40,300.4
2025-07-14,Battery Line,Pune,480,110,778,604,5,172.55
2025-07-15,Line A,Bengaluru EV Plant,480,125,1537,1618,47,273.85
2025-07-15,Line B,Pune,480,14,1303,945,34,244.08
2025-07-15,Line C,Sanand,480,63,1322,1117,53,421.81
2025-07-15,EV Line,Chennai,480,73,1124,1045,38,243.42
2025-07-15,Battery Line,Bengaluru EV Plant,480,141,799,560,9,249.69
2025-07-16,Line A,Gurugram,480,76,1413,1310,64,570.29
2025-07-16,Line B,Bengaluru EV Plant,480,48,1198,992,56,113.6
2025-07-16,Line C,Chennai,480,50,1298,1244,82,247.73
2025-07-16,EV Line,Sanand,480,153,1374,1055,58,432.27
2025-07-16,Battery Line,Sanand,480,143,1215,1307,71,371.07
2025-07-17,Line A,Sanand,480,100,1378,1302,5,373.0
2025-07-17,Line B,Bengaluru EV Plant,480,23,750,694,34,200.48
2025-07-17,Line C,Gurugram,480,6,1435,1401,22,518.7
2025-07-17,EV Line,Chennai,480,137,779,571,15,198.6
2025-07-17,Battery Line,Chennai,480,30,1280,1038,52,394.94
2025-07-18,Line A,Bengaluru EV Plant,480,10,806,737,9,133.85
2025-07-18,Line B,Chennai,480,51,1337,946,47,276.31
2025-07-18,Line C,Pune,480,131,990,960,6,183.54
2025-07-18,EV Line,Chennai,480,12,1308,1141,36,116.33
2025-07-18,Battery Line,Chennai,480,111,987,905,50,157.71
2025-07-19,Line A,Chennai,480,102,1492,1142,56,371.16
2025-07-19,Line B,Pune,480,43,1424,1073,9,246.56
2025-07-19,Line C,Pune,480,99,1444,1474,52,240.39
2025-07-19,EV Line,Bengaluru EV Plant,480,99,1166,910,24,92.47
2025-07-19,Battery Line,Sanand,480,44,837,852,41,208.61
2025-07-20,Line A,Gurugram,480,137,1395,1050,38,328.83
2025-07-20,Line B,Chennai,480,80,1422,1312,83,588.01
2025-07-20,Line C,Bengaluru EV Plant,480,151,1464,1471,59,641.01
2025-07-20,EV Line,Pune,480,124,1413,1104,22,253.53
2025-07-20,Battery Line,Pune,480,109,1289,968,23,378.97
2025-07-21,Line A,Chennai,480,126,1395,1359,54,339.48
2025-07-21,Line B,Pune,480,31,933,957,26,314.17
2025-07-21,Line C,Bengaluru EV Plant,480,71,1534,1271,19,419.12
2025-07-21,EV Line,Bengaluru EV Plant,480,102,1584,1583,62,486.72
2025-07-21,Battery Line,Gurugram,480,46,995,767,25,289.96
2025-07-22,Line A,Bengaluru EV Plant,480,44,1000,964,40,152.59
2025-07-22,Line B,Gurugram,480,143,962,815,29,261.08
2025-07-22,Line C,Chennai,480,150,1126,1040,2,110.34
2025-07-22,EV Line,Pune,480,62,1306,1379,13,499.8
2025-07-22,Battery Line,Bengaluru EV Plant,480,152,1479,1496,69,476.08
2025-07-23,Line A,Gurugram,480,135,1172,939,14,418.97
2025-07-23,Line B,Bengaluru EV Plant,480,88,1186,1106,32,205.96
2025-07-23,Line C,Gurugram,480,11,1218,1264,11,418.28
2025-07-23,EV Line,Bengaluru EV Plant,480,50,1166,1133,72,159.74
2025-07-23,Battery Line,Pune,480,82,1474,1122,22,263.56
2025-07-24,Line A,Sanand,480,45,1558,1571,21,545.01
2025-07-24,Line B,Chennai,480,107,1450,1070,19,207.86
2025-07-24,Line C,Chennai,480,159,1327,959,56,285.68
2025-07-24,EV Line,Pune,480,69,1164,1172,42,377.11
2025-07-24,Battery Line,Chennai,480,141,934,653,35,117.95
2025-07-25,Line A,Sanand,480,45,941,895,21,133.38
2025-07-25,Line B,Gurugram,480,71,1088,991,18,134.96
2025-07-25,Line C,Pune,480,59,1405,1231,73,281.96
2025-07-25,EV Line,Chennai,480,96,826,771,14,184.0
2025-07-25,Battery Line,Pune,480,155,1428,1075,54,409.26
2025-07-26,Line A,Chennai,480,76,918,871,24,190.08
2025-07-26,Line B,Gurugram,480,108,1317,1028,53,289.2
2025-07-26,Line C,Chennai,480,6,1311,1096,46,467.04
2025-07-26,EV Line,Gurugram,480,83,1487,1154,7,394.88
2025-07-26,Battery Line,Sanand,480,84,1340,1334,32,151.55
2025-07-27,Line A,Pune,480,123,1488,1201,33,509.87
2025-07-27,Line B,Sanand,480,67,1251,1121,17,277.77
2025-07-27,Line C,Bengaluru EV Plant,480,123,846,912,42,326.75
2025-07-27,EV Line,Bengaluru EV Plant,480,108,780,815,44,357.97
2025-07-27,Battery Line,Sanand,480,148,1249,1087,51,302.79
2025-07-28,Line A,Sanand,480,26,849,717,47,170.77
2025-07-28,Line B,Bengaluru EV Plant,480,44,924,760,21,162.03
2025-07-28,Line C,Sanand,480,125,1318,1029,66,450.9
2025-07-28,EV Line,Gurugram,480,51,845,769,33,119.54
2025-07-28,Battery Line,Chennai,480,55,1092,788,27,227.92
2025-07-29,Line A,Chennai,480,18,774,630,5,187.21
2025-07-29,Line B,Pune,480,7,807,633,17,250.55
2025-07-29,Line C,Chennai,480,47,1032,972,19,358.91
2025-07-29,EV Line,Bengaluru EV Plant,480,29,885,745,15,127.84
2025-07-29,Battery Line,Gurugram,480,33,1118,854,39,145.85
2025-07-30,Line A,Gurugram,480,54,924,949,46,287.17
2025-07-30,Line B,Gurugram,480,134,1182,1227,21,411.06
2025-07-30,Line C,Bengaluru EV Plant,480,19,1468,1436,24,258.52
2025-07-30,EV Line,Gurugram,480,26,1130,952,49,208.0
2025-07-30,Battery Line,Chennai,480,20,1174,1230,3,265.24
2025-07-31,Line A,Bengaluru EV Plant,480,128,784,790,21,182.14
2025-07-31,Line B,Gurugram,480,131,1441,1233,40,435.77
2025-07-31,Line C,Bengaluru EV Plant,480,158,1178,889,54,137.32
2025-07-31,EV Line,Chennai,480,13,1527,1622,102,271.32
2025-07-31,Battery Line,Bengaluru EV Plant,480,102,864,791,12,347.58
2025-08-01,Line A,Gurugram,480,91,1450,1144,69,338.0
2025-08-01,Line B,Gurugram,480,91,1419,1199,71,471.98
2025-08-01,Line C,Gurugram,480,141,1266,1009,24,316.41
2025-08-01,EV Line,Chennai,480,111,1092,826,42,236.93
2025-08-01,Battery Line,Sanand,480,113,1498,1177,20,287.39
2025-08-02,Line A,Sanand,480,154,1262,1271,16,469.91
2025-08-02,Line B,Chennai,480,19,855,770,5,213.66
2025-08-02,Line C,Gurugram,480,136,784,626,11,102.1
2025-08-02,EV Line,Gurugram,480,59,1391,1130,31,196.14
2025-08-02,Battery Line,Gurugram,480,63,1140,1206,27,125.23
2025-08-03,Line A,Bengaluru EV Plant,480,93,1438,1204,81,293.81
2025-08-03,Line B,Pune,480,137,790,646,23,90.59
2025-08-03,Line C,Sanand,480,40,1554,1407,74,373.14
2025-08-03,EV Line,Bengaluru EV Plant,480,131,1412,1507,76,663.94
2025-08-03,Battery Line,Sanand,480,22,866,683,13,185.5
2025-08-04,Line A,Bengaluru EV Plant,480,59,1167,879,23,261.56
2025-08-04,Line B,Chennai,480,91,1122,786,4,203.27
2025-08-04,Line C,Chennai,480,12,1225,1197,41,218.79
2025-08-04,EV Line,Bengaluru EV Plant,480,144,1518,1401,31,327.17
2025-08-04,Battery Line,Gurugram,480,54,1228,1324,77,460.8
2025-08-05,Line A,Chennai,480,25,1019,1026,45,444.68
2025-08-05,Line B,Chennai,480,14,1152,1103,41,145.97
2025-08-05,Line C,Bengaluru EV Plant,480,78,1312,1349,28,328.72
2025-08-05,EV Line,Gurugram,480,85,970,926,31,279.56
2025-08-05,Battery Line,Pune,480,7,934,910,46,310.1
2025-08-06,Line A,Pune,480,5,1371,1134,78,221.16
2025-08-06,Line B,Sanand,480,97,1076,822,2,160.92
2025-08-06,Line C,Sanand,480,153,1462,1332,30,544.97
2025-08-06,EV Line,Sanand,480,81,1588,1442,12,394.42
2025-08-06,Battery Line,Bengaluru EV Plant,480,34,1316,1033,53,301.35
2025-08-07,Line A,Pune,480,62,878,747,8,266.84
2025-08-07,Line B,Bengaluru EV Plant,480,57,1222,1233,59,413.49
2025-08-07,Line C,Bengaluru EV Plant,480,100,1340,1088,16,251.72
2025-08-07,EV Line,Sanand,480,67,801,750,38,220.75
2025-08-07,Battery Line,Bengaluru EV Plant,480,24,1433,1134,57,407.65
2025-08-08,Line A,Sanand,480,133,1389,1214,76,211.95
2025-08-08,Line B,Bengaluru EV Plant,480,101,1238,1052,27,375.24
2025-08-08,Line C,Pune,480,146,1358,1080,53,121.99
2025-08-08,EV Line,Chennai,480,138,1373,1201,76,407.89
2025-08-08,Battery Line,Sanand,480,52,984,928,6,301.83
2025-08-09,Line A,Bengaluru EV Plant,480,64,1396,1016,34,430.01
2025-08-09,Line B,Pune,480,99,1254,1019,53,404.2
2025-08-09,Line C,Chennai,480,11,1521,1223,48,446.91
2025-08-09,EV Line,Gurugram,480,29,1171,1186,21,271.48
2025-08-09,Battery Line,Sanand,480,54,1388,1469,59,176.5
2025-08-10,Line A,Gurugram,480,32,1589,1492,21,625.13
2025-08-10,Line B,Pune,480,64,1428,1426,45,603.35
2025-08-10,Line C,Gurugram,480,132,1061,1088,68,406.05
2025-08-10,EV Line,Bengaluru EV Plant,480,58,1259,1058,19,432.59
2025-08-10,Battery Line,Pune,480,155,1315,1072,44,310.89
2025-08-11,Line A,Bengaluru EV Plant,480,96,1262,1253,80,429.16
2025-08-11,Line B,Bengaluru EV Plant,480,123,825,721,40,81.4
2025-08-11,Line C,Sanand,480,115,852,771,34,111.66
2025-08-11,EV Line,Chennai,480,115,1295,1313,68,464.36
2025-08-11,Battery Line,Bengaluru EV Plant,480,108,1153,1238,84,265.37
2025-08-12,Line A,Sanand,480,131,1243,1063,13,473.0
2025-08-12,Line B,Gurugram,480,79,940,812,25,213.26
2025-08-12,Line C,Bengaluru EV Plant,480,75,1275,1200,54,327.2
2025-08-12,EV Line,Sanand,480,48,1404,1158,43,303.12
2025-08-12,Battery Line,Sanand,480,60,900,697,29,79.15
2025-08-13,Line A,Gurugram,480,148,1586,1482,102,486.53
2025-08-13,Line B,Pune,480,23,1063,817,18,312.25
2025-08-13,Line C,Pune,480,64,1457,1041,59,212.55
2025-08-13,EV Line,Sanand,480,68,1232,898,36,96.41
2025-08-13,Battery Line,Sanand,480,122,1251,1070,24,134.04
2025-08-14,Line A,Bengaluru EV Plant,480,109,837,746,37,316.29
2025-08-14,Line B,Pune,480,88,1164,1003,61,217.77
2025-08-14,Line C,Pune,480,46,992,1041,59,124.46
2025-08-14,EV Line,Sanand,480,106,1050,1061,14,198.22
2025-08-14,Battery Line,Gurugram,480,159,1107,898,31,268.8
2025-08-15,Line A,Pune,480,67,1428,1148,54,433.73
2025-08-15,Line B,Sanand,480,28,1020,1006,44,398.31
2025-08-15,Line C,Chennai,480,144,1003,819,3,125.89
2025-08-15,EV Line,Sanand,480,80,1488,1256,10,135.16
2025-08-15,Battery Line,Pune,480,116,1106,953,30,110.99
2025-08-16,Line A,Sanand,480,118,1402,1021,9,267.9
2025-08-16,Line B,Bengaluru EV Plant,480,107,1284,1082,67,436.44
2025-08-16,Line C,Sanand,480,44,1364,1056,18,266.08
2025-08-16,EV Line,Gurugram,480,84,1071,961,46,376.59
2025-08-16,Battery Line,Gurugram,480,118,1375,1458,24,592.17
2025-08-17,Line A,Sanand,480,54,1146,1135,75,209.01
2025-08-17,Line B,Gurugram,480,113,1240,1317,73,527.39
2025-08-17,Line C,Pune,480,110,1373,1077,62,264.13
2025-08-17,EV Line,Chennai,480,54,1417,1379,93,350.31
2025-08-17,Battery Line,Chennai,480,151,983,810,46,103.21
2025-08-18,Line A,Gurugram,480,75,1583,1414,64,322.69
2025-08-18,Line B,Pune,480,55,1137,1132,73,206.05
2025-08-18,Line C,Bengaluru EV Plant,480,96,862,828,44,206.35
2025-08-18,EV Line,Bengaluru EV Plant,480,155,917,719,14,141.63
2025-08-18,Battery Line,Gurugram,480,91,1478,1061,10,400.69
2025-08-19,Line A,Gurugram,480,86,803,690,25,217.75
2025-08-19,Line B,Bengaluru EV Plant,480,146,1573,1488,56,630.6
2025-08-19,Line C,Bengaluru EV Plant,480,22,1432,1133,6,236.58
2025-08-19,EV Line,Chennai,480,60,1373,1196,51,369.43
2025-08-19,Battery Line,Chennai,480,62,753,757,21,217.51
2025-08-20,Line A,Pune,480,121,853,790,34,339.65
2025-08-20,Line B,Gurugram,480,8,878,654,43,172.94
2025-08-20,Line C,Sanand,480,156,1240,1052,45,252.55
2025-08-20,EV Line,Chennai,480,82,1232,1259,21,377.47
2025-08-20,Battery Line,Sanand,480,127,1113,1010,44,440.59
2025-08-21,Line A,Chennai,480,69,1440,1271,31,533.29
2025-08-21,Line B,Chennai,480,67,935,1006,50,308.47
2025-08-21,Line C,Gurugram,480,105,1037,942,3,411.8
2025-08-21,EV Line,Pune,480,51,1183,954,8,258.64
2025-08-21,Battery Line,Pune,480,51,1221,920,9,391.11
2025-08-22,Line A,Bengaluru EV Plant,480,31,1194,850,44,189.77
2025-08-22,Line B,Gurugram,480,27,1179,1201,64,257.36
2025-08-22,Line C,Bengaluru EV Plant,480,52,1568,1152,6,430.9
2025-08-22,EV Line,Chennai,480,92,1176,880,17,219.46
2025-08-22,Battery Line,Pune,480,83,1192,1247,41,365.93
2025-08-23,Line A,Pune,480,63,1507,1358,60,404.01
2025-08-23,Line B,Bengaluru EV Plant,480,28,1541,1280,52,535.71
2025-08-23,Line C,Sanand,480,125,907,662,34,257.75
2025-08-23,EV Line,Gurugram,480,110,1245,1142,52,502.11
2025-08-23,Battery Line,Gurugram,480,59,872,682,9,216.06
2025-08-24,Line A,Chennai,480,117,813,726,35,237.6
2025-08-24,Line B,Chennai,480,81,1114,1006,20,177.31
2025-08-24,Line C,Bengaluru EV Plant,480,109,1133,999,7,196.87
2025-08-24,EV Line,Chennai,480,88,1117,1196,19,166.84
2025-08-24,Battery Line,Chennai,480,32,757,693,24,209.89
2025-08-25,Line A,Sanand,480,71,1296,1250,54,315.19
2025-08-25,Line B,Pune,480,114,1191,1059,22,294.22
2025-08-25,Line C,Sanand,480,46,1486,1231,68,347.46
2025-08-25,EV Line,Pune,480,97,1255,1192,48,358.51
2025-08-25,Battery Line,Bengaluru EV Plant,480,64,1261,1140,65,125.46
2025-08-26,Line A,Pune,480,29,1374,1110,10,461.11
2025-08-26,Line B,Bengaluru EV Plant,480,137,894,816,2,275.52
2025-08-26,Line C,Bengaluru EV Plant,480,66,866,629,15,103.05
2025-08-26,EV Line,Gurugram,480,7,1463,1201,41,485.71
2025-08-26,Battery Line,Sanand,480,154,1340,1127,18,160.31
2025-08-27,Line A,Gurugram,480,22,1337,1228,44,350.81
2025-08-27,Line B,Pune,480,11,890,646,24,126.07
2025-08-27,Line C,Gurugram,480,126,1321,1177,81,411.23
2025-08-27,EV Line,Gurugram,480,145,1583,1425,27,374.56
2025-08-27,Battery Line,Gurugram,480,59,751,543,24,131.38
2025-08-28,Line A,Bengaluru EV Plant,480,44,888,728,30,249.39
2025-08-28,Line B,Gurugram,480,104,768,557,11,190.09
2025-08-28,Line C,Gurugram,480,32,1596,1562,103,253.13
2025-08-28,EV Line,Sanand,480,80,1435,1244,14,320.64
2025-08-28,Battery Line,Pune,480,132,765,787,9,221.83
