shipment_id,supplier_id,origin_country,destination_plant,carrier,ship_date,delivery_date,transit_days,freight_cost
SHIP000001,S0004,Germany,Pune,DB Schenker,2025-01-25,2025-02-13,19,28688.67
SHIP000002,S0043,USA,Bengaluru EV Plant,Local Freight,2025-03-04,2025-03-06,2,23538.55
SHIP000003,S0036,Canada,Pune,Maersk,2025-07-24,2025-08-17,24,28953.11
SHIP000004,S0008,USA,Sanand,FedEx,2025-04-10,2025-04-26,16,28830.9
SHIP000005,S0100,Thailand,Gurugram,DHL,2025-09-10,2025-10-08,28,11068.47
SHIP000006,S0015,Italy,Bengaluru EV Plant,DB Schenker,2025-11-25,2025-12-17,22,17739.1
SHIP000007,S0043,USA,Sanand,Local Freight,2025-10-19,2025-10-25,6,23475.48
SHIP000008,S0031,Thailand,Bengaluru EV Plant,Local Freight,2025-05-25,2025-05-27,2,5207.07
SHIP000009,S0012,China,Gurugram,Local Freight,2025-11-01,2025-11-26,25,1269.74
SHIP000010,S0008,USA,Chennai,Maersk,2025-06-17,2025-06-20,3,11486.57
SHIP000011,S0051,India,Chennai,FedEx,2025-06-17,2025-07-05,18,29027.37
SHIP000012,S0076,Czech Republic,Bengaluru EV Plant,BlueDart,2025-03-18,2025-04-12,25,1998.85
SHIP000013,S0009,Vietnam,Sanand,DB Schenker,2025-07-09,2025-07-27,18,8083.56
SHIP000014,S0050,Czech Republic,Sanand,FedEx,2025-04-28,2025-05-12,14,17588.18
SHIP000015,S0008,USA,Bengaluru EV Plant,DHL,2025-11-04,2025-11-17,13,24464.02
SHIP000016,S0077,Canada,Bengaluru EV Plant,FedEx,2025-11-02,2025-11-21,19,5360.79
SHIP000017,S0061,Mexico,Bengaluru EV Plant,FedEx,2025-05-15,2025-06-01,17,11095.78
SHIP000018,S0042,Japan,Pune,FedEx,2025-08-15,2025-08-19,4,24818.79
SHIP000019,S0080,Mexico,Bengaluru EV Plant,Local Freight,2025-09-23,2025-09-26,3,10574.5
SHIP000020,S0088,Canada,Sanand,Local Freight,2025-08-08,2025-08-19,11,20928.21
SHIP000021,S0073,India,Pune,Local Freight,2025-03-31,2025-04-29,29,21818.78
SHIP000022,S0068,Japan,Bengaluru EV Plant,FedEx,2025-10-29,2025-11-23,25,8108.45
SHIP000023,S0072,Canada,Sanand,DB Schenker,2025-09-15,2025-10-07,22,14979.27
SHIP000024,S0051,India,Sanand,DB Schenker,2025-08-24,2025-09-10,17,16610.61
SHIP000025,S0011,Italy,Pune,DHL,2025-03-11,2025-04-01,21,17907.73
SHIP000026,S0056,USA,Gurugram,FedEx,2025-01-04,2025-01-20,16,21218.34
SHIP000027,S0059,Japan,Sanand,FedEx,2025-04-18,2025-05-13,25,27621.37
SHIP000028,S0077,Canada,Bengaluru EV Plant,DB Schenker,2025-08-31,2025-09-19,19,27977.58
SHIP000029,S0075,Japan,Gurugram,DB Schenker,2025-08-07,2025-08-20,13,7414.6
SHIP000030,S0094,Japan,Chennai,BlueDart,2025-04-15,2025-05-14,29,26823.72
SHIP000031,S0089,Mexico,Chennai,BlueDart,2025-03-01,2025-03-05,4,8186.96
SHIP000032,S0099,Czech Republic,Sanand,BlueDart,2025-06-17,2025-06-20,3,23175.91
SHIP000033,S0047,Poland,Bengaluru EV Plant,BlueDart,2025-05-30,2025-06-08,9,12704.71
SHIP000034,S0065,France,Bengaluru EV Plant,DB Schenker,2025-08-23,2025-08-28,5,22259.47
SHIP000035,S0051,India,Gurugram,FedEx,2025-11-14,2025-11-22,8,9047.94
SHIP000036,S0030,Mexico,Pune,DHL,2025-11-10,2025-12-06,26,18929.34
SHIP000037,S0009,Vietnam,Sanand,BlueDart,2025-02-05,2025-02-10,5,22330.24
SHIP000038,S0089,Mexico,Bengaluru EV Plant,DHL,2025-10-31,2025-11-12,12,19087.26
SHIP000039,S0022,Vietnam,Sanand,DHL,2025-07-15,2025-08-08,24,18947.96
SHIP000040,S0007,France,Sanand,DB Schenker,2025-11-17,2025-12-14,27,7601.82
SHIP000041,S0022,Vietnam,Bengaluru EV Plant,DB Schenker,2025-06-18,2025-06-27,9,9352.25
SHIP000042,S0020,Germany,Pune,Local Freight,2025-01-30,2025-02-07,8,20094.81
SHIP000043,S0057,Germany,Bengaluru EV Plant,DB Schenker,2025-12-21,2026-01-09,19,29096.39
SHIP000044,S0044,Japan,Pune,DHL,2025-05-29,2025-06-01,3,16252.01
SHIP000045,S0056,USA,Gurugram,Local Freight,2025-04-05,2025-04-14,9,4366.36
SHIP000046,S0091,USA,Sanand,BlueDart,2025-03-25,2025-04-13,19,1021.87
SHIP000047,S0060,Mexico,Gurugram,DHL,2025-08-12,2025-09-09,28,21039.34
SHIP000048,S0065,France,Pune,DB Schenker,2025-09-05,2025-09-29,24,20417.1
SHIP000049,S0018,France,Pune,Local Freight,2025-10-30,2025-11-20,21,17223.44
SHIP000050,S0079,China,Gurugram,Local Freight,2025-01-04,2025-01-31,27,19590.47
SHIP000051,S0071,Czech Republic,Sanand,BlueDart,2025-12-17,2025-12-21,4,7462.75
SHIP000052,S0012,China,Sanand,Local Freight,2025-01-25,2025-02-10,16,918.39
SHIP000053,S0013,Thailand,Gurugram,Maersk,2025-11-25,2025-11-27,2,5332.76
SHIP000054,S0062,South Korea,Sanand,FedEx,2025-03-20,2025-04-08,19,22334.66
SHIP000055,S0034,USA,Pune,FedEx,2025-05-31,2025-06-14,14,10287.34
SHIP000056,S0026,Thailand,Bengaluru EV Plant,DHL,2025-03-13,2025-03-27,14,5327.62
SHIP000057,S0079,China,Bengaluru EV Plant,DHL,2025-10-29,2025-11-19,21,27887.85
SHIP000058,S0022,Vietnam,Bengaluru EV Plant,Local Freight,2025-02-05,2025-02-10,5,3542.0
SHIP000059,S0056,USA,Pune,DHL,2025-09-20,2025-09-25,5,29981.07
SHIP000060,S0003,Canada,Gurugram,Maersk,2025-11-24,2025-12-21,27,26927.07
SHIP000061,S0038,Czech Republic,Pune,FedEx,2025-09-13,2025-10-11,28,29272.97
SHIP000062,S0098,Mexico,Gurugram,BlueDart,2025-08-04,2025-09-01,28,8373.43
SHIP000063,S0087,China,Pune,DB Schenker,2025-04-10,2025-04-18,8,23865.56
SHIP000064,S0008,USA,Sanand,Maersk,2025-05-28,2025-06-02,5,4906.92
SHIP000065,S0006,South Korea,Chennai,DHL,2025-09-01,2025-09-06,5,26051.72
SHIP000066,S0016,China,Gurugram,DB Schenker,2025-04-05,2025-04-21,16,5125.14
SHIP000067,S0006,South Korea,Chennai,DHL,2025-05-10,2025-06-03,24,25508.9
SHIP000068,S0036,Canada,Sanand,DB Schenker,2025-10-23,2025-11-03,11,14294.12
SHIP000069,S0066,France,Sanand,DHL,2025-11-17,2025-11-20,3,1118.8
SHIP000070,S0066,France,Chennai,Maersk,2025-05-26,2025-06-09,14,14377.62
SHIP000071,S0075,Japan,Chennai,Local Freight,2025-05-23,2025-06-15,23,28700.22
SHIP000072,S0027,Czech Republic,Gurugram,Local Freight,2025-12-07,2025-12-30,23,23278.6
SHIP000073,S0077,Canada,Bengaluru EV Plant,Maersk,2025-03-20,2025-04-06,17,19403.24
SHIP000074,S0045,China,Gurugram,Local Freight,2025-10-08,2025-10-19,11,17808.35
SHIP000075,S0050,Czech Republic,Pune,BlueDart,2025-04-29,2025-05-23,24,15153.57
SHIP000076,S0056,USA,Pune,Local Freight,2025-07-13,2025-08-07,25,18205.47
SHIP000077,S0031,Thailand,Pune,Local Freight,2025-05-22,2025-06-19,28,22126.88
SHIP000078,S0042,Japan,Pune,Maersk,2025-08-03,2025-08-17,14,534.25
SHIP000079,S0017,Mexico,Pune,DB Schenker,2025-01-01,2025-01-08,7,13523.14
SHIP000080,S0019,USA,Bengaluru EV Plant,BlueDart,2025-08-17,2025-09-15,29,17548.13
SHIP000081,S0038,Czech Republic,Gurugram,Maersk,2025-08-22,2025-08-29,7,2585.61
SHIP000082,S0012,China,Gurugram,Local Freight,2025-12-26,2026-01-02,7,3829.76
SHIP000083,S0018,France,Pune,Maersk,2025-06-05,2025-06-12,7,10631.85
SHIP000084,S0067,Canada,Sanand,BlueDart,2025-04-05,2025-04-22,17,5299.17
SHIP000085,S0029,Germany,Gurugram,BlueDart,2025-02-16,2025-03-12,24,13083.27
SHIP000086,S0072,Canada,Chennai,DB Schenker,2025-07-01,2025-07-03,2,3020.91
SHIP000087,S0061,Mexico,Pune,Local Freight,2025-07-09,2025-07-14,5,22337.91
SHIP000088,S0098,Mexico,Pune,DB Schenker,2025-03-27,2025-04-05,9,13322.85
SHIP000089,S0005,India,Bengaluru EV Plant,BlueDart,2025-05-09,2025-05-18,9,20206.0
SHIP000090,S0099,Czech Republic,Sanand,Maersk,2025-06-10,2025-07-08,28,5445.53
SHIP000091,S0008,USA,Gurugram,BlueDart,2025-09-05,2025-09-19,14,13036.28
SHIP000092,S0083,India,Gurugram,Local Freight,2025-12-16,2026-01-05,20,3322.1
SHIP000093,S0091,USA,Chennai,DB Schenker,2025-01-26,2025-02-08,13,23914.8
SHIP000094,S0040,China,Pune,Local Freight,2025-08-14,2025-09-02,19,14536.45
SHIP000095,S0070,Japan,Pune,BlueDart,2025-05-11,2025-05-19,8,28498.61
SHIP000096,S0074,Canada,Bengaluru EV Plant,FedEx,2025-07-25,2025-08-23,29,22868.65
SHIP000097,S0085,China,Gurugram,Local Freight,2025-02-04,2025-02-06,2,14780.27
SHIP000098,S0060,Mexico,Sanand,DHL,2025-02-24,2025-03-13,17,16116.73
SHIP000099,S0022,Vietnam,Gurugram,FedEx,2025-10-03,2025-10-12,9,17117.39
SHIP000100,S0072,Canada,Gurugram,DHL,2025-08-09,2025-08-21,12,11950.33
SHIP000101,S0091,USA,Sanand,FedEx,2025-02-10,2025-03-11,29,7664.34
SHIP000102,S0060,Mexico,Gurugram,BlueDart,2025-09-03,2025-09-24,21,23698.5
SHIP000103,S0082,China,Pune,DHL,2025-08-19,2025-08-26,7,18913.66
SHIP000104,S0090,Czech Republic,Bengaluru EV Plant,DHL,2025-01-01,2025-01-30,29,4033.14
SHIP000105,S0017,Mexico,Pune,BlueDart,2025-05-13,2025-05-26,13,8319.51
SHIP000106,S0093,Germany,Sanand,BlueDart,2025-12-08,2025-12-21,13,5504.66
SHIP000107,S0010,Italy,Chennai,BlueDart,2025-01-03,2025-02-01,29,14048.43
SHIP000108,S0093,Germany,Bengaluru EV Plant,DB Schenker,2025-09-16,2025-09-19,3,3555.72
SHIP000109,S0030,Mexico,Pune,FedEx,2025-03-24,2025-04-14,21,26730.57
SHIP000110,S0030,Mexico,Sanand,DB Schenker,2025-02-05,2025-02-27,22,10374.24
SHIP000111,S0070,Japan,Pune,DB Schenker,2025-01-01,2025-01-06,5,24082.03
SHIP000112,S0027,Czech Republic,Pune,DHL,2025-05-07,2025-06-02,26,26465.24
SHIP000113,S0001,India,Pune,BlueDart,2025-01-12,2025-02-09,28,29720.52
SHIP000114,S0080,Mexico,Bengaluru EV Plant,FedEx,2025-10-07,2025-10-17,10,5577.11
SHIP000115,S0006,South Korea,Pune,DHL,2025-02-06,2025-02-16,10,27953.23
SHIP000116,S0027,Czech Republic,Gurugram,FedEx,2025-11-06,2025-11-18,12,20916.18
SHIP000117,S0014,France,Gurugram,Maersk,2025-05-19,2025-06-02,14,21583.72
SHIP000118,S0069,Thailand,Chennai,FedEx,2025-01-10,2025-01-18,8,5480.81
SHIP000119,S0012,China,Bengaluru EV Plant,DB Schenker,2025-05-16,2025-06-04,19,7797.04
SHIP000120,S0053,India,Pune,DHL,2025-04-29,2025-05-12,13,5557.46
SHIP000121,S0017,Mexico,Gurugram,BlueDart,2025-10-23,2025-11-05,13,18755.64
SHIP000122,S0050,Czech Republic,Sanand,Local Freight,2025-06-06,2025-06-08,2,4544.22
SHIP000123,S0062,South Korea,Gurugram,Local Freight,2025-06-25,2025-07-23,28,26979.81
SHIP000124,S0019,USA,Bengaluru EV Plant,Maersk,2025-02-23,2025-03-04,9,11237.85
SHIP000125,S0013,Thailand,Bengaluru EV Plant,Local Freight,2025-07-31,2025-08-19,19,19836.04
SHIP000126,S0043,USA,Bengaluru EV Plant,DHL,2025-09-07,2025-10-05,28,24614.84
SHIP000127,S0073,India,Pune,DHL,2025-11-17,2025-12-10,23,3576.45
SHIP000128,S0040,China,Gurugram,BlueDart,2025-07-21,2025-08-08,18,2547.2
SHIP000129,S0035,USA,Sanand,FedEx,2025-03-23,2025-04-04,12,21146.39
SHIP000130,S0001,India,Sanand,Maersk,2025-02-07,2025-03-05,26,4480.81
SHIP000131,S0079,China,Sanand,FedEx,2025-06-26,2025-07-19,23,16467.45
SHIP000132,S0002,Canada,Sanand,Local Freight,2025-09-15,2025-09-24,9,20583.02
SHIP000133,S0074,Canada,Chennai,Local Freight,2025-04-25,2025-05-02,7,10843.1
SHIP000134,S0057,Germany,Sanand,FedEx,2025-05-27,2025-06-24,28,16233.68
SHIP000135,S0047,Poland,Sanand,DHL,2025-08-05,2025-08-20,15,12804.36
SHIP000136,S0043,USA,Sanand,Maersk,2025-06-18,2025-07-17,29,28812.03
SHIP000137,S0067,Canada,Bengaluru EV Plant,DHL,2025-10-26,2025-11-19,24,7351.04
SHIP000138,S0099,Czech Republic,Chennai,Maersk,2025-03-05,2025-03-14,9,28475.73
SHIP000139,S0076,Czech Republic,Gurugram,FedEx,2025-10-23,2025-11-19,27,17360.53
SHIP000140,S0054,Mexico,Pune,BlueDart,2025-06-19,2025-07-16,27,29306.08
SHIP000141,S0048,Japan,Pune,DHL,2025-03-03,2025-03-19,16,21853.86
SHIP000142,S0021,USA,Sanand,DHL,2025-03-28,2025-03-30,2,6673.37
SHIP000143,S0081,France,Sanand,FedEx,2025-08-17,2025-09-09,23,5022.15
SHIP000144,S0083,India,Bengaluru EV Plant,DB Schenker,2025-12-27,2026-01-20,24,14018.97
SHIP000145,S0059,Japan,Chennai,Maersk,2025-11-07,2025-12-03,26,12245.96
SHIP000146,S0056,USA,Bengaluru EV Plant,Maersk,2025-01-04,2025-01-24,20,21288.43
SHIP000147,S0043,USA,Gurugram,Maersk,2025-12-14,2026-01-12,29,13516.51
SHIP000148,S0011,Italy,Bengaluru EV Plant,DB Schenker,2025-06-09,2025-07-01,22,7781.3
SHIP000149,S0096,USA,Bengaluru EV Plant,Maersk,2025-01-06,2025-01-21,15,26749.8
SHIP000150,S0039,Germany,Sanand,FedEx,2025-07-16,2025-07-20,4,4812.96
SHIP000151,S0049,Mexico,Chennai,Maersk,2025-09-21,2025-10-19,28,10851.31
SHIP000152,S0056,USA,Bengaluru EV Plant,Maersk,2025-06-21,2025-07-11,20,27636.82
SHIP000153,S0087,China,Pune,Local Freight,2025-04-27,2025-05-10,13,8451.14
SHIP000154,S0030,Mexico,Gurugram,DB Schenker,2025-10-31,2025-11-08,8,23958.65
SHIP000155,S0015,Italy,Sanand,Maersk,2025-12-06,2025-12-29,23,25375.21
SHIP000156,S0080,Mexico,Sanand,FedEx,2025-07-18,2025-08-08,21,7163.53
SHIP000157,S0045,China,Gurugram,DB Schenker,2025-08-25,2025-09-07,13,19049.09
SHIP000158,S0027,Czech Republic,Chennai,FedEx,2025-12-24,2026-01-20,27,21968.9
SHIP000159,S0074,Canada,Sanand,BlueDart,2025-09-09,2025-09-20,11,19031.93
SHIP000160,S0073,India,Chennai,Maersk,2025-07-16,2025-07-18,2,10927.61
SHIP000161,S0031,Thailand,Sanand,DB Schenker,2025-08-25,2025-09-01,7,4294.93
SHIP000162,S0043,USA,Bengaluru EV Plant,FedEx,2025-08-11,2025-08-29,18,24368.99
SHIP000163,S0009,Vietnam,Pune,Maersk,2025-12-15,2025-12-19,4,3004.82
SHIP000164,S0090,Czech Republic,Pune,Maersk,2025-03-12,2025-04-10,29,11872.28
SHIP000165,S0044,Japan,Sanand,DHL,2025-08-03,2025-08-15,12,6168.31
SHIP000166,S0076,Czech Republic,Sanand,Maersk,2025-09-08,2025-09-10,2,1035.41
SHIP000167,S0055,Italy,Sanand,DB Schenker,2025-08-25,2025-09-02,8,12358.31
SHIP000168,S0060,Mexico,Sanand,DB Schenker,2025-11-26,2025-12-23,27,12308.89
SHIP000169,S0017,Mexico,Sanand,Local Freight,2025-10-24,2025-11-06,13,10876.7
SHIP000170,S0040,China,Gurugram,DB Schenker,2025-05-16,2025-05-29,13,4404.35
SHIP000171,S0097,Canada,Gurugram,Maersk,2025-04-06,2025-04-25,19,10331.02
SHIP000172,S0080,Mexico,Chennai,BlueDart,2025-09-14,2025-10-11,27,26202.42
SHIP000173,S0059,Japan,Sanand,Local Freight,2025-02-22,2025-03-07,13,5781.06
SHIP000174,S0094,Japan,Chennai,DHL,2025-02-16,2025-02-19,3,27536.84
SHIP000175,S0004,Germany,Gurugram,BlueDart,2025-03-23,2025-04-16,24,25278.73
SHIP000176,S0047,Poland,Chennai,Local Freight,2025-09-15,2025-09-29,14,15236.64
SHIP000177,S0085,China,Sanand,DHL,2025-10-23,2025-11-01,9,11859.64
SHIP000178,S0040,China,Gurugram,FedEx,2025-10-03,2025-10-24,21,12030.14
SHIP000179,S0052,Italy,Gurugram,DHL,2025-01-06,2025-01-28,22,23541.91
SHIP000180,S0057,Germany,Chennai,FedEx,2025-08-07,2025-08-13,6,14141.23
SHIP000181,S0085,China,Bengaluru EV Plant,Local Freight,2025-12-20,2026-01-14,25,26316.1
SHIP000182,S0031,Thailand,Bengaluru EV Plant,FedEx,2025-08-04,2025-08-23,19,24114.01
SHIP000183,S0049,Mexico,Pune,DHL,2025-03-05,2025-03-26,21,29405.47
SHIP000184,S0061,Mexico,Chennai,DHL,2025-07-17,2025-07-20,3,9352.28
SHIP000185,S0019,USA,Sanand,Maersk,2025-09-03,2025-09-14,11,12234.37
SHIP000186,S0055,Italy,Pune,BlueDart,2025-02-20,2025-02-23,3,9191.42
SHIP000187,S0029,Germany,Sanand,FedEx,2025-08-27,2025-09-14,18,2317.0
SHIP000188,S0010,Italy,Gurugram,FedEx,2025-08-10,2025-08-20,10,12991.11
SHIP000189,S0031,Thailand,Pune,DHL,2025-09-28,2025-10-07,9,4823.52
SHIP000190,S0084,Canada,Gurugram,FedEx,2025-04-18,2025-05-15,27,25962.65
SHIP000191,S0061,Mexico,Bengaluru EV Plant,BlueDart,2025-10-06,2025-10-11,5,24806.93
SHIP000192,S0043,USA,Bengaluru EV Plant,FedEx,2025-05-30,2025-06-24,25,10074.7
SHIP000193,S0043,USA,Bengaluru EV Plant,DB Schenker,2025-03-27,2025-04-08,12,26430.62
SHIP000194,S0027,Czech Republic,Gurugram,Local Freight,2025-06-30,2025-07-14,14,29329.22
SHIP000195,S0091,USA,Bengaluru EV Plant,Maersk,2025-05-25,2025-05-27,2,14245.25
SHIP000196,S0055,Italy,Bengaluru EV Plant,Maersk,2025-05-13,2025-05-31,18,7809.46
SHIP000197,S0089,Mexico,Bengaluru EV Plant,DHL,2025-07-13,2025-08-09,27,22855.76
SHIP000198,S0083,India,Chennai,DB Schenker,2025-06-27,2025-07-18,21,12800.62
SHIP000199,S0007,France,Pune,BlueDart,2025-09-12,2025-09-17,5,28060.33
SHIP000200,S0017,Mexico,Bengaluru EV Plant,FedEx,2025-05-26,2025-06-02,7,17356.44
SHIP000201,S0006,South Korea,Bengaluru EV Plant,Maersk,2025-06-08,2025-06-23,15,1959.35
SHIP000202,S0039,Germany,Chennai,Local Freight,2025-04-18,2025-05-17,29,18690.64
SHIP000203,S0069,Thailand,Gurugram,FedEx,2025-01-01,2025-01-08,7,18391.97
SHIP000204,S0057,Germany,Bengaluru EV Plant,BlueDart,2025-04-24,2025-05-13,19,2743.28
SHIP000205,S0063,Vietnam,Bengaluru EV Plant,DHL,2025-01-03,2025-01-17,14,27355.38
SHIP000206,S0016,China,Sanand,DB Schenker,2025-06-13,2025-07-07,24,15900.1
SHIP000207,S0077,Canada,Bengaluru EV Plant,DB Schenker,2025-01-25,2025-02-14,20,17884.73
SHIP000208,S0075,Japan,Sanand,Local Freight,2025-08-12,2025-08-19,7,9068.61
SHIP000209,S0027,Czech Republic,Gurugram,DHL,2025-10-09,2025-11-05,27,19866.27
SHIP000210,S0034,USA,Chennai,DB Schenker,2025-08-26,2025-09-11,16,29552.65
SHIP000211,S0085,China,Bengaluru EV Plant,Local Freight,2025-09-06,2025-09-23,17,4067.11
SHIP000212,S0027,Czech Republic,Bengaluru EV Plant,Maersk,2025-06-05,2025-06-30,25,26777.52
SHIP000213,S0024,France,Pune,DHL,2025-04-03,2025-04-25,22,7481.48
SHIP000214,S0091,USA,Bengaluru EV Plant,DHL,2025-07-04,2025-07-25,21,22186.43
SHIP000215,S0058,Japan,Sanand,Local Freight,2025-04-02,2025-04-21,19,28392.72
SHIP000216,S0049,Mexico,Chennai,FedEx,2025-06-11,2025-07-05,24,20128.59
SHIP000217,S0037,Mexico,Gurugram,Maersk,2025-05-15,2025-05-21,6,25799.14
SHIP000218,S0052,Italy,Chennai,FedEx,2025-05-04,2025-05-24,20,4291.9
SHIP000219,S0034,USA,Gurugram,Local Freight,2025-06-12,2025-06-21,9,29433.62
SHIP000220,S0094,Japan,Sanand,BlueDart,2025-02-24,2025-02-26,2,2500.84
SHIP000221,S0044,Japan,Bengaluru EV Plant,DHL,2025-06-25,2025-07-03,8,27122.75
SHIP000222,S0001,India,Bengaluru EV Plant,Local Freight,2025-04-09,2025-05-02,23,6761.95
SHIP000223,S0003,Canada,Gurugram,BlueDart,2025-10-27,2025-11-12,16,2980.87
SHIP000224,S0045,China,Chennai,DHL,2025-05-19,2025-05-23,4,2851.36
SHIP000225,S0095,Poland,Chennai,BlueDart,2025-10-27,2025-10-29,2,13576.33
SHIP000226,S0009,Vietnam,Gurugram,Maersk,2025-05-22,2025-06-11,20,5451.5
SHIP000227,S0096,USA,Sanand,FedEx,2025-09-16,2025-10-08,22,1502.76
SHIP000228,S0056,USA,Chennai,DB Schenker,2025-08-07,2025-08-22,15,16724.88
SHIP000229,S0096,USA,Pune,Maersk,2025-08-29,2025-09-03,5,26288.08
SHIP000230,S0097,Canada,Gurugram,Maersk,2025-01-02,2025-01-12,10,11565.68
SHIP000231,S0061,Mexico,Chennai,FedEx,2025-10-12,2025-10-25,13,16703.69
SHIP000232,S0079,China,Pune,FedEx,2025-04-23,2025-04-29,6,9907.82
SHIP000233,S0053,India,Sanand,DHL,2025-05-05,2025-05-22,17,3769.56
SHIP000234,S0032,France,Pune,DB Schenker,2025-11-12,2025-11-15,3,17771.65
SHIP000235,S0026,Thailand,Sanand,BlueDart,2025-01-11,2025-02-06,26,18735.91
SHIP000236,S0080,Mexico,Gurugram,FedEx,2025-10-08,2025-10-21,13,26002.07
SHIP000237,S0099,Czech Republic,Sanand,FedEx,2025-08-15,2025-09-04,20,13159.16
SHIP000238,S0057,Germany,Bengaluru EV Plant,BlueDart,2025-03-18,2025-03-21,3,11299.05
SHIP000239,S0043,USA,Pune,Maersk,2025-04-29,2025-05-26,27,28288.62
SHIP000240,S0019,USA,Chennai,BlueDart,2025-07-19,2025-07-26,7,19592.12
SHIP000241,S0057,Germany,Sanand,DB Schenker,2025-09-03,2025-09-29,26,5196.18
SHIP000242,S0014,France,Bengaluru EV Plant,Maersk,2025-07-05,2025-07-14,9,27783.03
SHIP000243,S0075,Japan,Chennai,FedEx,2025-11-12,2025-11-22,10,3121.29
SHIP000244,S0008,USA,Pune,DB Schenker,2025-11-12,2025-11-15,3,19866.36
SHIP000245,S0002,Canada,Chennai,FedEx,2025-12-02,2025-12-21,19,6188.84
SHIP000246,S0041,Italy,Gurugram,DB Schenker,2025-01-16,2025-02-05,20,11247.43
SHIP000247,S0001,India,Gurugram,Local Freight,2025-11-26,2025-12-05,9,3339.49
SHIP000248,S0020,Germany,Bengaluru EV Plant,DHL,2025-10-28,2025-11-16,19,7011.03
SHIP000249,S0036,Canada,Pune,Local Freight,2025-01-22,2025-02-17,26,13522.63
SHIP000250,S0024,France,Chennai,DHL,2025-05-17,2025-06-12,26,14078.93
SHIP000251,S0040,China,Gurugram,Local Freight,2025-03-21,2025-03-29,8,10493.61
SHIP000252,S0057,Germany,Sanand,DB Schenker,2025-11-19,2025-11-21,2,17625.24
SHIP000253,S0076,Czech Republic,Gurugram,BlueDart,2025-10-21,2025-11-18,28,19120.32
SHIP000254,S0054,Mexico,Gurugram,FedEx,2025-12-07,2025-12-14,7,17769.1
SHIP000255,S0045,China,Sanand,DB Schenker,2025-01-31,2025-02-18,18,1812.14
SHIP000256,S0093,Germany,Bengaluru EV Plant,DB Schenker,2025-08-24,2025-09-01,8,19132.77
SHIP000257,S0043,USA,Bengaluru EV Plant,FedEx,2025-12-07,2026-01-03,27,15358.32
SHIP000258,S0084,Canada,Bengaluru EV Plant,DHL,2025-07-26,2025-07-31,5,20619.2
SHIP000259,S0040,China,Bengaluru EV Plant,Maersk,2025-12-11,2025-12-18,7,15368.57
SHIP000260,S0032,France,Bengaluru EV Plant,FedEx,2025-11-13,2025-12-09,26,13321.98
SHIP000261,S0071,Czech Republic,Sanand,FedEx,2025-05-30,2025-06-12,13,29186.5
SHIP000262,S0075,Japan,Bengaluru EV Plant,FedEx,2025-08-31,2025-09-29,29,20995.61
SHIP000263,S0016,China,Sanand,Maersk,2025-06-28,2025-07-05,7,26229.02
SHIP000264,S0082,China,Gurugram,DHL,2025-09-13,2025-09-16,3,10484.99
SHIP000265,S0086,Italy,Gurugram,BlueDart,2025-03-05,2025-03-19,14,2830.76
SHIP000266,S0013,Thailand,Gurugram,DB Schenker,2025-02-17,2025-03-04,15,22989.43
SHIP000267,S0047,Poland,Sanand,BlueDart,2025-11-06,2025-11-27,21,9288.03
SHIP000268,S0093,Germany,Gurugram,DHL,2025-03-11,2025-03-31,20,11810.53
SHIP000269,S0072,Canada,Bengaluru EV Plant,FedEx,2025-07-10,2025-08-05,26,20112.68
SHIP000270,S0020,Germany,Gurugram,BlueDart,2025-08-12,2025-09-02,21,4154.27
SHIP000271,S0097,Canada,Chennai,BlueDart,2025-09-07,2025-10-04,27,3962.8
SHIP000272,S0082,China,Chennai,Maersk,2025-03-17,2025-03-25,8,24102.91
SHIP000273,S0057,Germany,Pune,Maersk,2025-11-18,2025-12-03,15,17353.85
SHIP000274,S0084,Canada,Chennai,DB Schenker,2025-10-24,2025-10-30,6,896.74
SHIP000275,S0005,India,Chennai,BlueDart,2025-07-02,2025-07-31,29,10599.21
SHIP000276,S0010,Italy,Gurugram,Maersk,2025-12-31,2026-01-12,12,18045.61
SHIP000277,S0097,Canada,Sanand,Maersk,2025-02-24,2025-03-10,14,17418.58
SHIP000278,S0060,Mexico,Bengaluru EV Plant,DHL,2025-03-27,2025-04-07,11,9805.87
SHIP000279,S0017,Mexico,Pune,FedEx,2025-08-25,2025-09-19,25,25950.57
SHIP000280,S0057,Germany,Chennai,Local Freight,2025-02-16,2025-02-20,4,26002.34
SHIP000281,S0017,Mexico,Chennai,Maersk,2025-01-13,2025-02-01,19,14122.3
SHIP000282,S0055,Italy,Sanand,BlueDart,2025-05-18,2025-05-22,4,27907.27
SHIP000283,S0038,Czech Republic,Bengaluru EV Plant,BlueDart,2025-12-30,2026-01-11,12,12052.1
SHIP000284,S0096,USA,Chennai,FedEx,2025-01-21,2025-01-31,10,8274.69
SHIP000285,S0063,Vietnam,Pune,DB Schenker,2025-03-09,2025-03-17,8,11592.14
SHIP000286,S0067,Canada,Sanand,DB Schenker,2025-07-04,2025-08-02,29,21094.22
SHIP000287,S0090,Czech Republic,Sanand,DB Schenker,2025-09-17,2025-09-30,13,12084.26
SHIP000288,S0098,Mexico,Sanand,DHL,2025-09-17,2025-09-25,8,3863.51
SHIP000289,S0089,Mexico,Gurugram,FedEx,2025-07-16,2025-08-12,27,14009.89
SHIP000290,S0078,Poland,Bengaluru EV Plant,Maersk,2025-12-19,2026-01-16,28,27520.23
SHIP000291,S0073,India,Chennai,BlueDart,2025-07-10,2025-08-04,25,5556.76
SHIP000292,S0002,Canada,Pune,DHL,2025-08-24,2025-09-02,9,8461.37
SHIP000293,S0017,Mexico,Sanand,Local Freight,2025-08-01,2025-08-20,19,24736.97
SHIP000294,S0059,Japan,Gurugram,FedEx,2025-06-08,2025-07-03,25,7002.69
SHIP000295,S0062,South Korea,Pune,DHL,2025-04-03,2025-05-01,28,27276.35
SHIP000296,S0098,Mexico,Bengaluru EV Plant,FedEx,2025-10-18,2025-10-29,11,12813.32
SHIP000297,S0079,China,Gurugram,BlueDart,2025-10-04,2025-10-14,10,4735.38
SHIP000298,S0037,Mexico,Bengaluru EV Plant,Maersk,2025-01-16,2025-02-12,27,3545.64
SHIP000299,S0089,Mexico,Bengaluru EV Plant,FedEx,2025-11-21,2025-12-08,17,19708.28
SHIP000300,S0092,South Korea,Sanand,BlueDart,2025-12-31,2026-01-28,28,28260.37
SHIP000301,S0075,Japan,Chennai,Local Freight,2025-12-15,2025-12-20,5,27375.82
SHIP000302,S0029,Germany,Sanand,DHL,2025-03-07,2025-04-02,26,13853.09
SHIP000303,S0060,Mexico,Gurugram,Maersk,2025-09-05,2025-09-21,16,20505.95
SHIP000304,S0089,Mexico,Sanand,DHL,2025-05-27,2025-06-15,19,18944.78
SHIP000305,S0003,Canada,Sanand,Maersk,2025-11-22,2025-12-05,13,10042.5
SHIP000306,S0006,South Korea,Pune,DHL,2025-12-12,2026-01-09,28,16847.23
SHIP000307,S0097,Canada,Gurugram,BlueDart,2025-01-14,2025-02-06,23,9494.9
SHIP000308,S0073,India,Chennai,DHL,2025-11-10,2025-12-08,28,14411.08
SHIP000309,S0096,USA,Pune,DB Schenker,2025-07-12,2025-07-17,5,10821.5
SHIP000310,S0078,Poland,Pune,DHL,2025-12-26,2026-01-24,29,14614.4
SHIP000311,S0016,China,Chennai,BlueDart,2025-06-03,2025-06-06,3,17827.53
SHIP000312,S0055,Italy,Sanand,DB Schenker,2025-12-08,2026-01-01,24,17177.86
SHIP000313,S0030,Mexico,Gurugram,DB Schenker,2025-03-20,2025-04-08,19,14106.8
SHIP000314,S0074,Canada,Pune,DHL,2025-11-28,2025-12-23,25,9927.0
SHIP000315,S0027,Czech Republic,Gurugram,FedEx,2025-12-14,2025-12-25,11,15617.77
SHIP000316,S0042,Japan,Sanand,BlueDart,2025-06-05,2025-06-21,16,27772.77
SHIP000317,S0064,Germany,Sanand,Maersk,2025-10-10,2025-11-02,23,18217.11
SHIP000318,S0044,Japan,Bengaluru EV Plant,FedEx,2025-04-05,2025-04-18,13,4001.13
SHIP000319,S0066,France,Bengaluru EV Plant,Local Freight,2025-10-23,2025-11-16,24,18004.49
SHIP000320,S0049,Mexico,Pune,Maersk,2025-05-29,2025-06-23,25,2339.81
SHIP000321,S0037,Mexico,Sanand,DHL,2025-08-08,2025-08-26,18,22244.64
SHIP000322,S0058,Japan,Gurugram,Maersk,2025-02-12,2025-02-28,16,1592.76
SHIP000323,S0038,Czech Republic,Gurugram,Maersk,2025-09-13,2025-09-18,5,10388.14
SHIP000324,S0066,France,Sanand,Maersk,2025-08-20,2025-08-24,4,22139.72
SHIP000325,S0014,France,Pune,Maersk,2025-06-09,2025-06-11,2,17045.08
SHIP000326,S0087,China,Gurugram,Maersk,2025-02-13,2025-03-04,19,11347.61
SHIP000327,S0015,Italy,Chennai,Local Freight,2025-02-02,2025-02-18,16,29520.27
SHIP000328,S0092,South Korea,Gurugram,FedEx,2025-04-28,2025-05-20,22,2539.3
SHIP000329,S0032,France,Sanand,DB Schenker,2025-01-04,2025-01-14,10,8194.84
SHIP000330,S0039,Germany,Sanand,FedEx,2025-09-12,2025-10-06,24,16599.1
SHIP000331,S0015,Italy,Chennai,Maersk,2025-08-25,2025-09-03,9,19917.95
SHIP000332,S0003,Canada,Chennai,FedEx,2025-02-06,2025-02-22,16,24870.27
SHIP000333,S0049,Mexico,Sanand,Maersk,2025-01-22,2025-02-16,25,16606.27
SHIP000334,S0028,Canada,Chennai,DHL,2025-06-03,2025-06-07,4,7735.17
SHIP000335,S0049,Mexico,Pune,FedEx,2025-01-23,2025-01-27,4,11579.74
SHIP000336,S0097,Canada,Bengaluru EV Plant,BlueDart,2025-11-17,2025-12-16,29,1746.37
SHIP000337,S0060,Mexico,Sanand,Maersk,2025-04-21,2025-05-02,11,4139.18
SHIP000338,S0043,USA,Sanand,Local Freight,2025-05-17,2025-06-15,29,9902.58
SHIP000339,S0010,Italy,Sanand,FedEx,2025-02-22,2025-03-03,9,3966.2
SHIP000340,S0098,Mexico,Pune,FedEx,2025-03-17,2025-03-26,9,19300.63
SHIP000341,S0063,Vietnam,Bengaluru EV Plant,DHL,2025-07-09,2025-08-06,28,13311.2
SHIP000342,S0036,Canada,Sanand,Maersk,2025-11-19,2025-12-16,27,19824.35
SHIP000343,S0003,Canada,Bengaluru EV Plant,BlueDart,2025-08-02,2025-08-07,5,19226.67
SHIP000344,S0062,South Korea,Sanand,BlueDart,2025-07-02,2025-07-22,20,29803.41
SHIP000345,S0034,USA,Sanand,BlueDart,2025-03-12,2025-03-23,11,12097.76
SHIP000346,S0076,Czech Republic,Sanand,DB Schenker,2025-08-13,2025-09-03,21,7567.1
SHIP000347,S0002,Canada,Sanand,Maersk,2025-07-10,2025-07-30,20,24048.88
SHIP000348,S0020,Germany,Pune,DHL,2025-03-26,2025-04-11,16,13949.78
SHIP000349,S0056,USA,Pune,Local Freight,2025-01-28,2025-02-13,16,22631.28
SHIP000350,S0090,Czech Republic,Chennai,Maersk,2025-10-23,2025-11-07,15,27685.11
SHIP000351,S0075,Japan,Sanand,FedEx,2025-12-02,2025-12-28,26,5257.77
SHIP000352,S0068,Japan,Sanand,Maersk,2025-08-08,2025-09-02,25,16174.11
SHIP000353,S0030,Mexico,Bengaluru EV Plant,DB Schenker,2025-10-06,2025-10-27,21,22624.99
SHIP000354,S0021,USA,Bengaluru EV Plant,DB Schenker,2025-04-27,2025-05-05,8,14263.92
SHIP000355,S0010,Italy,Sanand,DB Schenker,2025-07-25,2025-08-09,15,9504.62
SHIP000356,S0031,Thailand,Bengaluru EV Plant,DB Schenker,2025-08-03,2025-08-22,19,19202.45
SHIP000357,S0027,Czech Republic,Bengaluru EV Plant,Maersk,2025-11-11,2025-11-16,5,3419.38
SHIP000358,S0024,France,Gurugram,DB Schenker,2025-04-22,2025-05-02,10,23738.94
SHIP000359,S0054,Mexico,Chennai,BlueDart,2025-04-27,2025-05-21,24,13382.13
SHIP000360,S0080,Mexico,Gurugram,DB Schenker,2025-06-16,2025-07-11,25,9939.88
SHIP000361,S0049,Mexico,Sanand,Maersk,2025-03-01,2025-03-12,11,8209.56
SHIP000362,S0081,France,Gurugram,DHL,2025-06-05,2025-07-04,29,21672.12
SHIP000363,S0012,China,Sanand,Local Freight,2025-01-25,2025-02-19,25,829.47
SHIP000364,S0036,Canada,Chennai,Local Freight,2025-12-09,2025-12-22,13,21480.18
SHIP000365,S0089,Mexico,Gurugram,DB Schenker,2025-10-19,2025-11-06,18,9069.27
SHIP000366,S0047,Poland,Gurugram,DHL,2025-08-25,2025-09-10,16,12178.01
SHIP000367,S0003,Canada,Chennai,FedEx,2025-02-24,2025-03-06,10,18842.52
SHIP000368,S0011,Italy,Chennai,FedEx,2025-07-11,2025-07-27,16,9748.41
SHIP000369,S0009,Vietnam,Pune,BlueDart,2025-10-02,2025-10-11,9,9321.54
SHIP000370,S0098,Mexico,Bengaluru EV Plant,FedEx,2025-07-26,2025-08-18,23,1387.72
SHIP000371,S0095,Poland,Bengaluru EV Plant,Maersk,2025-07-08,2025-08-02,25,28958.17
SHIP000372,S0039,Germany,Gurugram,Maersk,2025-06-22,2025-06-25,3,17756.15
SHIP000373,S0058,Japan,Pune,Local Freight,2025-09-23,2025-10-21,28,25046.84
SHIP000374,S0047,Poland,Chennai,DHL,2025-01-13,2025-02-07,25,18472.36
SHIP000375,S0023,Canada,Sanand,BlueDart,2025-06-01,2025-06-08,7,1039.22
SHIP000376,S0007,France,Gurugram,Local Freight,2025-03-28,2025-04-09,12,16987.06
SHIP000377,S0009,Vietnam,Chennai,Maersk,2025-04-27,2025-05-05,8,12597.15
SHIP000378,S0057,Germany,Sanand,FedEx,2025-10-14,2025-10-19,5,28705.13
SHIP000379,S0070,Japan,Pune,DB Schenker,2025-05-23,2025-06-08,16,22107.35
SHIP000380,S0057,Germany,Gurugram,DB Schenker,2025-07-04,2025-07-16,12,2932.7
SHIP000381,S0022,Vietnam,Pune,Local Freight,2025-04-05,2025-05-04,29,1469.65
SHIP000382,S0065,France,Sanand,Maersk,2025-01-28,2025-02-01,4,29926.38
SHIP000383,S0043,USA,Pune,Local Freight,2025-09-19,2025-10-06,17,13222.01
SHIP000384,S0068,Japan,Bengaluru EV Plant,BlueDart,2025-04-08,2025-05-06,28,5058.93
SHIP000385,S0016,China,Bengaluru EV Plant,BlueDart,2025-12-06,2025-12-27,21,19909.1
SHIP000386,S0057,Germany,Gurugram,Maersk,2025-04-07,2025-04-10,3,24845.86
SHIP000387,S0033,Canada,Sanand,DHL,2025-12-02,2025-12-13,11,5634.08
SHIP000388,S0032,France,Chennai,DB Schenker,2025-03-13,2025-03-30,17,5006.81
SHIP000389,S0051,India,Pune,BlueDart,2025-07-09,2025-07-16,7,9140.08
SHIP000390,S0027,Czech Republic,Gurugram,DB Schenker,2025-07-17,2025-08-05,19,20679.81
SHIP000391,S0078,Poland,Pune,DHL,2025-06-28,2025-07-15,17,9317.01
SHIP000392,S0071,Czech Republic,Pune,Local Freight,2025-02-28,2025-03-23,23,13906.44
SHIP000393,S0085,China,Gurugram,FedEx,2025-01-14,2025-02-10,27,1692.37
SHIP000394,S0099,Czech Republic,Pune,DB Schenker,2025-03-20,2025-04-16,27,3506.66
SHIP000395,S0001,India,Pune,BlueDart,2025-09-04,2025-10-03,29,4846.62
SHIP000396,S0003,Canada,Bengaluru EV Plant,DHL,2025-06-11,2025-06-17,6,14120.67
SHIP000397,S0070,Japan,Gurugram,Local Freight,2025-11-24,2025-12-10,16,10483.3
SHIP000398,S0092,South Korea,Bengaluru EV Plant,Local Freight,2025-05-20,2025-05-31,11,3464.62
SHIP000399,S0040,China,Chennai,FedEx,2025-07-10,2025-07-14,4,6003.4
SHIP000400,S0062,South Korea,Gurugram,DB Schenker,2025-03-29,2025-03-31,2,14680.04
SHIP000401,S0040,China,Chennai,Local Freight,2025-05-28,2025-06-04,7,20798.0
SHIP000402,S0090,Czech Republic,Bengaluru EV Plant,Maersk,2025-11-05,2025-11-23,18,9684.16
SHIP000403,S0063,Vietnam,Sanand,FedEx,2025-08-04,2025-08-17,13,8175.93
SHIP000404,S0099,Czech Republic,Gurugram,BlueDart,2025-03-13,2025-03-23,10,14720.29
SHIP000405,S0028,Canada,Gurugram,Maersk,2025-08-04,2025-08-23,19,24071.8
SHIP000406,S0010,Italy,Pune,Maersk,2025-02-22,2025-03-19,25,3411.41
SHIP000407,S0076,Czech Republic,Pune,DB Schenker,2025-09-09,2025-09-19,10,19676.11
SHIP000408,S0036,Canada,Sanand,Local Freight,2025-01-11,2025-01-27,16,15371.92
SHIP000409,S0083,India,Bengaluru EV Plant,FedEx,2025-11-22,2025-11-26,4,19242.93
SHIP000410,S0088,Canada,Pune,Maersk,2025-05-07,2025-05-30,23,6484.99
SHIP000411,S0093,Germany,Gurugram,Local Freight,2025-09-22,2025-10-09,17,23836.68
SHIP000412,S0098,Mexico,Gurugram,DB Schenker,2025-11-23,2025-12-15,22,27316.78
SHIP000413,S0052,Italy,Gurugram,DHL,2025-12-10,2025-12-25,15,15925.9
SHIP000414,S0075,Japan,Gurugram,Maersk,2025-08-09,2025-08-28,19,14398.07
SHIP000415,S0015,Italy,Chennai,Local Freight,2025-09-14,2025-09-26,12,7354.9
SHIP000416,S0002,Canada,Sanand,Maersk,2025-12-04,2025-12-19,15,692.82
SHIP000417,S0003,Canada,Bengaluru EV Plant,DHL,2025-05-22,2025-06-09,18,24171.68
SHIP000418,S0057,Germany,Pune,Maersk,2025-07-03,2025-07-25,22,17318.23
SHIP000419,S0012,China,Pune,DHL,2025-12-20,2026-01-09,20,18914.31
SHIP000420,S0086,Italy,Sanand,Maersk,2025-08-24,2025-09-02,9,21893.06
SHIP000421,S0032,France,Sanand,FedEx,2025-01-23,2025-02-08,16,6947.54
SHIP000422,S0096,USA,Pune,BlueDart,2025-08-03,2025-08-05,2,7270.76
SHIP000423,S0028,Canada,Sanand,DHL,2025-07-24,2025-08-03,10,4987.23
SHIP000424,S0070,Japan,Chennai,DHL,2025-03-16,2025-04-09,24,23743.35
SHIP000425,S0041,Italy,Bengaluru EV Plant,BlueDart,2025-12-30,2026-01-03,4,6402.5
SHIP000426,S0062,South Korea,Chennai,FedEx,2025-06-22,2025-06-30,8,6180.92
SHIP000427,S0004,Germany,Bengaluru EV Plant,FedEx,2025-11-25,2025-12-06,11,8564.4
SHIP000428,S0063,Vietnam,Pune,Local Freight,2025-09-06,2025-09-19,13,18300.75
SHIP000429,S0054,Mexico,Sanand,FedEx,2025-01-28,2025-01-31,3,17222.6
SHIP000430,S0058,Japan,Pune,FedEx,2025-01-18,2025-02-02,15,12537.71
SHIP000431,S0080,Mexico,Sanand,BlueDart,2025-04-03,2025-04-15,12,26107.95
SHIP000432,S0055,Italy,Gurugram,BlueDart,2025-09-10,2025-10-08,28,1073.53
SHIP000433,S0074,Canada,Pune,Local Freight,2025-03-14,2025-04-11,28,22112.0
SHIP000434,S0047,Poland,Pune,DB Schenker,2025-08-01,2025-08-07,6,17850.27
SHIP000435,S0077,Canada,Chennai,BlueDart,2025-11-24,2025-11-29,5,11855.6
SHIP000436,S0092,South Korea,Bengaluru EV Plant,Maersk,2025-05-18,2025-06-09,22,16141.56
SHIP000437,S0098,Mexico,Sanand,DB Schenker,2025-08-06,2025-08-27,21,3946.26
SHIP000438,S0040,China,Pune,BlueDart,2025-09-26,2025-09-30,4,23119.75
SHIP000439,S0090,Czech Republic,Chennai,Local Freight,2025-02-20,2025-03-20,28,4338.33
SHIP000440,S0091,USA,Sanand,DB Schenker,2025-03-15,2025-04-04,20,19240.39
SHIP000441,S0019,USA,Bengaluru EV Plant,DB Schenker,2025-10-03,2025-10-27,24,20257.74
SHIP000442,S0097,Canada,Bengaluru EV Plant,DHL,2025-07-16,2025-08-14,29,15496.09
SHIP000443,S0038,Czech Republic,Pune,FedEx,2025-11-15,2025-11-26,11,27352.01
SHIP000444,S0074,Canada,Pune,FedEx,2025-06-07,2025-06-25,18,13025.33
SHIP000445,S0092,South Korea,Pune,BlueDart,2025-12-12,2026-01-01,20,15414.64
SHIP000446,S0081,France,Chennai,FedEx,2025-02-25,2025-03-12,15,23157.46
SHIP000447,S0053,India,Gurugram,Local Freight,2025-08-16,2025-09-06,21,15983.06
SHIP000448,S0075,Japan,Chennai,Local Freight,2025-08-10,2025-09-06,27,22679.24
SHIP000449,S0013,Thailand,Chennai,DB Schenker,2025-04-26,2025-05-08,12,10501.4
SHIP000450,S0004,Germany,Gurugram,DB Schenker,2025-01-01,2025-01-12,11,29196.08
SHIP000451,S0024,France,Pune,Local Freight,2025-02-18,2025-02-20,2,13065.67
SHIP000452,S0007,France,Bengaluru EV Plant,FedEx,2025-03-25,2025-04-12,18,21877.47
SHIP000453,S0045,China,Chennai,Local Freight,2025-10-19,2025-10-28,9,5761.77
SHIP000454,S0018,France,Chennai,DHL,2025-10-17,2025-10-19,2,8744.08
SHIP000455,S0031,Thailand,Chennai,BlueDart,2025-11-24,2025-12-23,29,9423.83
SHIP000456,S0065,France,Gurugram,Maersk,2025-10-13,2025-11-09,27,15223.2
SHIP000457,S0078,Poland,Chennai,BlueDart,2025-05-11,2025-06-01,21,26349.96
SHIP000458,S0018,France,Chennai,DHL,2025-03-25,2025-04-03,9,930.75
SHIP000459,S0002,Canada,Sanand,DHL,2025-09-07,2025-09-26,19,27749.65
SHIP000460,S0009,Vietnam,Chennai,Local Freight,2025-11-05,2025-11-25,20,853.0
SHIP000461,S0047,Poland,Bengaluru EV Plant,DHL,2025-04-11,2025-05-09,28,23135.74
SHIP000462,S0057,Germany,Chennai,DHL,2025-11-06,2025-11-14,8,14970.52
SHIP000463,S0066,France,Chennai,Local Freight,2025-08-03,2025-08-31,28,24608.26
SHIP000464,S0089,Mexico,Chennai,FedEx,2025-07-09,2025-07-25,16,2604.97
SHIP000465,S0072,Canada,Chennai,Maersk,2025-10-06,2025-10-15,9,18665.67
SHIP000466,S0043,USA,Gurugram,BlueDart,2025-06-14,2025-07-01,17,9050.82
SHIP000467,S0061,Mexico,Pune,BlueDart,2025-12-17,2025-12-21,4,18746.23
SHIP000468,S0048,Japan,Sanand,DHL,2025-07-15,2025-07-18,3,14068.62
SHIP000469,S0061,Mexico,Gurugram,Maersk,2025-01-09,2025-01-11,2,16798.89
SHIP000470,S0007,France,Pune,DB Schenker,2025-10-15,2025-10-27,12,28471.55
SHIP000471,S0065,France,Pune,DHL,2025-05-07,2025-05-27,20,7182.35
SHIP000472,S0026,Thailand,Chennai,DHL,2025-10-30,2025-11-21,22,27458.21
SHIP000473,S0040,China,Bengaluru EV Plant,DHL,2025-03-14,2025-03-25,11,16264.67
SHIP000474,S0076,Czech Republic,Chennai,BlueDart,2025-01-04,2025-01-22,18,8154.75
SHIP000475,S0019,USA,Gurugram,Local Freight,2025-10-05,2025-10-26,21,1697.71
SHIP000476,S0025,Canada,Sanand,Local Freight,2025-08-25,2025-08-27,2,17755.9
SHIP000477,S0085,China,Pune,DB Schenker,2025-08-26,2025-09-24,29,9221.54
SHIP000478,S0094,Japan,Bengaluru EV Plant,FedEx,2025-06-01,2025-06-30,29,13095.13
SHIP000479,S0045,China,Pune,Local Freight,2025-12-02,2025-12-11,9,27355.57
SHIP000480,S0041,Italy,Pune,Local Freight,2025-02-14,2025-03-08,22,10994.14
SHIP000481,S0021,USA,Gurugram,Local Freight,2025-01-12,2025-02-06,25,5198.96
SHIP000482,S0007,France,Bengaluru EV Plant,FedEx,2025-03-22,2025-04-20,29,13451.39
SHIP000483,S0072,Canada,Pune,DHL,2025-05-08,2025-05-18,10,15136.79
SHIP000484,S0081,France,Bengaluru EV Plant,Maersk,2025-04-21,2025-04-26,5,1824.69
SHIP000485,S0090,Czech Republic,Chennai,DHL,2025-10-30,2025-11-23,24,19977.37
SHIP000486,S0064,Germany,Gurugram,Maersk,2025-09-07,2025-09-10,3,9171.14
SHIP000487,S0044,Japan,Pune,FedEx,2025-02-08,2025-02-10,2,18894.59
SHIP000488,S0076,Czech Republic,Sanand,DB Schenker,2025-11-17,2025-12-12,25,2194.91
SHIP000489,S0017,Mexico,Chennai,DB Schenker,2025-06-13,2025-06-18,5,18092.94
SHIP000490,S0021,USA,Gurugram,BlueDart,2025-08-21,2025-09-02,12,4114.8
SHIP000491,S0013,Thailand,Gurugram,FedEx,2025-01-26,2025-01-30,4,28987.88
SHIP000492,S0013,Thailand,Chennai,Local Freight,2025-06-12,2025-06-25,13,26081.21
SHIP000493,S0084,Canada,Gurugram,BlueDart,2025-01-24,2025-01-29,5,10576.85
SHIP000494,S0041,Italy,Pune,DB Schenker,2025-07-30,2025-08-15,16,2633.45
SHIP000495,S0072,Canada,Bengaluru EV Plant,Maersk,2025-10-23,2025-11-06,14,6619.92
SHIP000496,S0066,France,Sanand,DB Schenker,2025-01-24,2025-02-20,27,29075.09
SHIP000497,S0084,Canada,Bengaluru EV Plant,FedEx,2025-03-11,2025-04-04,24,16691.18
SHIP000498,S0028,Canada,Gurugram,FedEx,2025-08-12,2025-08-25,13,15493.4
SHIP000499,S0045,China,Pune,Maersk,2025-12-02,2025-12-29,27,1076.04
SHIP000500,S0006,South Korea,Pune,FedEx,2025-06-10,2025-06-13,3,15652.73
SHIP000501,S0052,Italy,Bengaluru EV Plant,Maersk,2025-05-01,2025-05-17,16,22308.15
SHIP000502,S0060,Mexico,Pune,FedEx,2025-10-02,2025-10-22,20,13707.57
SHIP000503,S0011,Italy,Sanand,DB Schenker,2025-02-22,2025-03-09,15,5036.41
SHIP000504,S0093,Germany,Bengaluru EV Plant,Local Freight,2025-06-26,2025-07-23,27,15777.04
SHIP000505,S0026,Thailand,Bengaluru EV Plant,FedEx,2025-09-07,2025-09-29,22,15055.46
SHIP000506,S0003,Canada,Pune,BlueDart,2025-07-21,2025-08-09,19,13119.75
SHIP000507,S0049,Mexico,Sanand,DB Schenker,2025-04-14,2025-05-01,17,13582.81
SHIP000508,S0009,Vietnam,Bengaluru EV Plant,DHL,2025-02-22,2025-03-17,23,20392.52
SHIP000509,S0069,Thailand,Sanand,DHL,2025-12-08,2025-12-11,3,5919.79
SHIP000510,S0013,Thailand,Gurugram,FedEx,2025-05-30,2025-06-16,17,7334.2
SHIP000511,S0054,Mexico,Gurugram,Maersk,2025-08-23,2025-09-04,12,23820.73
SHIP000512,S0020,Germany,Pune,DHL,2025-03-04,2025-03-24,20,14286.05
SHIP000513,S0025,Canada,Gurugram,DHL,2025-01-22,2025-02-19,28,19912.24
SHIP000514,S0078,Poland,Sanand,DHL,2025-10-14,2025-10-27,13,12052.08
SHIP000515,S0030,Mexico,Chennai,Local Freight,2025-10-30,2025-11-25,26,3004.95
SHIP000516,S0014,France,Gurugram,FedEx,2025-05-04,2025-05-23,19,5546.04
SHIP000517,S0057,Germany,Sanand,BlueDart,2025-07-07,2025-07-09,2,1729.02
SHIP000518,S0026,Thailand,Pune,BlueDart,2025-04-25,2025-05-02,7,6591.92
SHIP000519,S0092,South Korea,Bengaluru EV Plant,DB Schenker,2025-07-09,2025-07-14,5,22941.85
SHIP000520,S0023,Canada,Chennai,DB Schenker,2025-04-02,2025-04-11,9,27409.61
SHIP000521,S0026,Thailand,Chennai,Local Freight,2025-11-30,2025-12-14,14,12423.23
SHIP000522,S0034,USA,Gurugram,DHL,2025-09-18,2025-10-01,13,3590.34
SHIP000523,S0049,Mexico,Bengaluru EV Plant,BlueDart,2025-11-02,2025-11-06,4,29956.4
SHIP000524,S0033,Canada,Pune,BlueDart,2025-04-18,2025-04-20,2,14527.8
SHIP000525,S0027,Czech Republic,Gurugram,DHL,2025-11-30,2025-12-27,27,26951.47
SHIP000526,S0002,Canada,Gurugram,DB Schenker,2025-09-19,2025-09-24,5,3549.97
SHIP000527,S0071,Czech Republic,Chennai,BlueDart,2025-03-29,2025-04-03,5,13180.45
SHIP000528,S0055,Italy,Bengaluru EV Plant,BlueDart,2025-09-02,2025-09-15,13,17407.13
SHIP000529,S0079,China,Gurugram,DHL,2025-01-19,2025-02-09,21,7603.23
SHIP000530,S0036,Canada,Chennai,Local Freight,2025-11-16,2025-12-04,18,11581.42
SHIP000531,S0053,India,Bengaluru EV Plant,FedEx,2025-06-03,2025-06-25,22,21244.51
SHIP000532,S0032,France,Chennai,DB Schenker,2025-12-16,2026-01-06,21,9715.03
SHIP000533,S0022,Vietnam,Sanand,Maersk,2025-02-19,2025-02-25,6,6587.05
SHIP000534,S0076,Czech Republic,Gurugram,Maersk,2025-12-12,2025-12-21,9,20124.66
SHIP000535,S0021,USA,Pune,FedEx,2025-11-02,2025-11-25,23,12209.08
SHIP000536,S0032,France,Sanand,BlueDart,2025-12-30,2026-01-22,23,20222.35
SHIP000537,S0063,Vietnam,Bengaluru EV Plant,DHL,2025-10-15,2025-11-10,26,15976.68
SHIP000538,S0050,Czech Republic,Pune,FedEx,2025-02-14,2025-02-25,11,22351.32
SHIP000539,S0058,Japan,Pune,DB Schenker,2025-10-16,2025-11-12,27,19270.39
SHIP000540,S0099,Czech Republic,Chennai,Maersk,2025-05-04,2025-05-31,27,2399.69
SHIP000541,S0039,Germany,Pune,BlueDart,2025-04-12,2025-05-03,21,20149.42
SHIP000542,S0087,China,Bengaluru EV Plant,BlueDart,2025-06-25,2025-07-10,15,13596.8
SHIP000543,S0088,Canada,Gurugram,FedEx,2025-04-06,2025-04-22,16,2228.26
SHIP000544,S0023,Canada,Pune,Maersk,2025-06-12,2025-06-30,18,12887.28
SHIP000545,S0060,Mexico,Chennai,Maersk,2025-09-26,2025-10-18,22,2864.99
SHIP000546,S0022,Vietnam,Pune,Local Freight,2025-07-24,2025-08-06,13,16063.55
SHIP000547,S0052,Italy,Pune,Local Freight,2025-12-12,2026-01-10,29,3219.42
SHIP000548,S0060,Mexico,Pune,DHL,2025-03-24,2025-04-16,23,13530.5
SHIP000549,S0019,USA,Gurugram,FedEx,2025-08-17,2025-09-08,22,18786.4
SHIP000550,S0077,Canada,Chennai,Maersk,2025-01-13,2025-01-22,9,15254.72
SHIP000551,S0085,China,Chennai,Maersk,2025-08-02,2025-08-25,23,19754.45
SHIP000552,S0026,Thailand,Sanand,BlueDart,2025-11-09,2025-11-24,15,24444.96
SHIP000553,S0099,Czech Republic,Chennai,FedEx,2025-11-10,2025-11-13,3,14293.47
SHIP000554,S0022,Vietnam,Bengaluru EV Plant,Maersk,2025-12-16,2025-12-23,7,12982.01
SHIP000555,S0079,China,Sanand,Maersk,2025-04-27,2025-05-04,7,15031.68
SHIP000556,S0018,France,Pune,BlueDart,2025-12-18,2025-12-27,9,5664.19
SHIP000557,S0016,China,Gurugram,Maersk,2025-05-25,2025-06-18,24,5975.75
SHIP000558,S0081,France,Sanand,BlueDart,2025-08-17,2025-08-21,4,809.92
SHIP000559,S0071,Czech Republic,Bengaluru EV Plant,DHL,2025-01-04,2025-01-06,2,5880.9
SHIP000560,S0020,Germany,Pune,Local Freight,2025-06-15,2025-07-09,24,8199.03
SHIP000561,S0025,Canada,Gurugram,Maersk,2025-12-08,2025-12-14,6,11463.55
SHIP000562,S0075,Japan,Chennai,BlueDart,2025-03-04,2025-03-14,10,22390.07
SHIP000563,S0022,Vietnam,Gurugram,Local Freight,2025-04-30,2025-05-18,18,27137.82
SHIP000564,S0017,Mexico,Bengaluru EV Plant,Maersk,2025-10-09,2025-11-04,26,27323.97
SHIP000565,S0003,Canada,Chennai,FedEx,2025-11-13,2025-11-21,8,19236.09
SHIP000566,S0051,India,Pune,Maersk,2025-08-16,2025-09-08,23,18504.4
SHIP000567,S0053,India,Gurugram,BlueDart,2025-02-14,2025-03-05,19,2114.8
SHIP000568,S0038,Czech Republic,Pune,Maersk,2025-08-25,2025-09-08,14,6193.33
SHIP000569,S0026,Thailand,Sanand,Maersk,2025-11-04,2025-11-23,19,1284.13
SHIP000570,S0100,Thailand,Chennai,BlueDart,2025-03-12,2025-04-02,21,22465.16
SHIP000571,S0030,Mexico,Sanand,DB Schenker,2025-03-13,2025-03-18,5,11489.79
SHIP000572,S0049,Mexico,Bengaluru EV Plant,Maersk,2025-07-24,2025-08-12,19,7371.59
SHIP000573,S0011,Italy,Sanand,DHL,2025-11-14,2025-11-28,14,23266.99
SHIP000574,S0014,France,Gurugram,BlueDart,2025-06-12,2025-06-27,15,18034.38
SHIP000575,S0059,Japan,Sanand,BlueDart,2025-06-02,2025-06-19,17,841.47
SHIP000576,S0011,Italy,Chennai,Maersk,2025-07-15,2025-08-10,26,19571.63
SHIP000577,S0086,Italy,Pune,FedEx,2025-05-15,2025-05-26,11,17128.97
SHIP000578,S0099,Czech Republic,Chennai,Local Freight,2025-04-06,2025-04-24,18,6945.34
SHIP000579,S0012,China,Sanand,Local Freight,2025-07-27,2025-08-06,10,954.29
SHIP000580,S0066,France,Chennai,Local Freight,2025-09-16,2025-10-12,26,21241.37
SHIP000581,S0099,Czech Republic,Pune,Local Freight,2025-06-06,2025-06-20,14,23894.73
SHIP000582,S0061,Mexico,Sanand,DB Schenker,2025-03-01,2025-03-29,28,11737.36
SHIP000583,S0026,Thailand,Pune,BlueDart,2025-12-15,2025-12-28,13,23766.93
SHIP000584,S0082,China,Chennai,Maersk,2025-04-12,2025-05-09,27,29364.38
SHIP000585,S0021,USA,Bengaluru EV Plant,Maersk,2025-09-04,2025-09-10,6,23472.29
SHIP000586,S0039,Germany,Chennai,Local Freight,2025-04-11,2025-05-07,26,5581.83
SHIP000587,S0022,Vietnam,Bengaluru EV Plant,FedEx,2025-04-05,2025-05-03,28,4478.14
SHIP000588,S0072,Canada,Sanand,BlueDart,2025-07-06,2025-07-19,13,25765.19
SHIP000589,S0089,Mexico,Sanand,Maersk,2025-02-02,2025-02-09,7,24812.74
SHIP000590,S0084,Canada,Gurugram,BlueDart,2025-09-22,2025-10-01,9,22399.04
SHIP000591,S0001,India,Pune,Maersk,2025-10-24,2025-11-08,15,15697.86
SHIP000592,S0051,India,Bengaluru EV Plant,DB Schenker,2025-11-21,2025-11-29,8,12906.95
SHIP000593,S0064,Germany,Bengaluru EV Plant,FedEx,2025-03-12,2025-04-01,20,13099.7
SHIP000594,S0070,Japan,Chennai,FedEx,2025-11-12,2025-11-17,5,29992.53
SHIP000595,S0031,Thailand,Bengaluru EV Plant,Local Freight,2025-03-15,2025-03-18,3,11128.05
SHIP000596,S0033,Canada,Chennai,BlueDart,2025-03-17,2025-04-07,21,8832.55
SHIP000597,S0039,Germany,Bengaluru EV Plant,DHL,2025-02-18,2025-03-08,18,12055.16
SHIP000598,S0014,France,Bengaluru EV Plant,DB Schenker,2025-02-17,2025-03-15,26,12557.48
SHIP000599,S0082,China,Pune,DHL,2025-05-29,2025-06-12,14,21435.52
SHIP000600,S0046,China,Bengaluru EV Plant,DB Schenker,2025-10-07,2025-11-03,27,8396.56
SHIP000601,S0029,Germany,Pune,Maersk,2025-10-28,2025-11-22,25,27672.83
SHIP000602,S0042,Japan,Chennai,BlueDart,2025-01-24,2025-02-04,11,28483.59
SHIP000603,S0027,Czech Republic,Chennai,DB Schenker,2025-12-04,2025-12-25,21,28728.62
SHIP000604,S0005,India,Pune,DB Schenker,2025-03-07,2025-03-17,10,15337.51
SHIP000605,S0024,France,Gurugram,Maersk,2025-09-20,2025-09-26,6,14822.61
SHIP000606,S0055,Italy,Pune,FedEx,2025-01-05,2025-01-12,7,6690.05
SHIP000607,S0089,Mexico,Pune,DHL,2025-10-29,2025-11-24,26,8270.22
SHIP000608,S0031,Thailand,Gurugram,Local Freight,2025-02-02,2025-02-19,17,19687.42
SHIP000609,S0031,Thailand,Bengaluru EV Plant,BlueDart,2025-04-20,2025-05-11,21,14012.5
SHIP000610,S0028,Canada,Gurugram,Local Freight,2025-06-16,2025-07-04,18,11464.41
SHIP000611,S0091,USA,Chennai,Maersk,2025-02-11,2025-02-22,11,1820.0
SHIP000612,S0002,Canada,Bengaluru EV Plant,DHL,2025-12-23,2026-01-04,12,12195.19
SHIP000613,S0012,China,Gurugram,DHL,2025-11-13,2025-12-10,27,21819.73
SHIP000614,S0053,India,Gurugram,DB Schenker,2025-01-14,2025-02-02,19,22149.64
SHIP000615,S0090,Czech Republic,Chennai,DHL,2025-10-22,2025-10-31,9,18560.19
SHIP000616,S0050,Czech Republic,Sanand,BlueDart,2025-02-08,2025-03-02,22,4708.27
SHIP000617,S0040,China,Sanand,DB Schenker,2025-01-10,2025-02-07,28,4048.41
SHIP000618,S0098,Mexico,Chennai,FedEx,2025-04-18,2025-04-24,6,12202.07
SHIP000619,S0027,Czech Republic,Sanand,DHL,2025-10-24,2025-10-29,5,7263.78
SHIP000620,S0095,Poland,Chennai,DHL,2025-02-17,2025-03-17,28,3987.25
SHIP000621,S0031,Thailand,Chennai,Maersk,2025-08-08,2025-08-10,2,28545.38
SHIP000622,S0015,Italy,Sanand,DB Schenker,2025-10-25,2025-11-09,15,26507.07
SHIP000623,S0073,India,Pune,Local Freight,2025-03-16,2025-03-23,7,2130.24
SHIP000624,S0003,Canada,Gurugram,FedEx,2025-10-18,2025-11-11,24,12007.67
SHIP000625,S0032,France,Gurugram,Local Freight,2025-12-02,2025-12-17,15,933.99
SHIP000626,S0025,Canada,Gurugram,Local Freight,2025-03-17,2025-04-09,23,19940.83
SHIP000627,S0006,South Korea,Gurugram,DHL,2025-09-02,2025-09-07,5,7454.37
SHIP000628,S0051,India,Gurugram,DB Schenker,2025-10-03,2025-10-27,24,3426.28
SHIP000629,S0018,France,Pune,Maersk,2025-01-27,2025-02-09,13,4263.23
SHIP000630,S0009,Vietnam,Bengaluru EV Plant,Local Freight,2025-05-14,2025-05-21,7,21089.58
SHIP000631,S0067,Canada,Sanand,BlueDart,2025-10-11,2025-11-08,28,12050.46
SHIP000632,S0045,China,Bengaluru EV Plant,BlueDart,2025-06-25,2025-07-23,28,3017.19
SHIP000633,S0057,Germany,Gurugram,Maersk,2025-12-16,2025-12-21,5,6908.38
SHIP000634,S0021,USA,Bengaluru EV Plant,DB Schenker,2025-06-28,2025-07-06,8,18806.45
SHIP000635,S0036,Canada,Gurugram,Local Freight,2025-06-18,2025-06-26,8,715.92
SHIP000636,S0057,Germany,Pune,BlueDart,2025-02-04,2025-02-11,7,15897.68
SHIP000637,S0034,USA,Sanand,Local Freight,2025-10-17,2025-10-26,9,10438.86
SHIP000638,S0043,USA,Pune,DHL,2025-10-08,2025-10-13,5,29689.83
SHIP000639,S0094,Japan,Bengaluru EV Plant,Local Freight,2025-08-17,2025-09-14,28,5575.44
SHIP000640,S0091,USA,Gurugram,FedEx,2025-05-30,2025-06-21,22,25895.22
SHIP000641,S0010,Italy,Gurugram,Maersk,2025-11-02,2025-11-19,17,27569.33
SHIP000642,S0057,Germany,Chennai,FedEx,2025-04-03,2025-04-16,13,8491.62
SHIP000643,S0060,Mexico,Pune,FedEx,2025-05-12,2025-06-06,25,6764.61
SHIP000644,S0081,France,Chennai,FedEx,2025-03-10,2025-03-31,21,21998.5
SHIP000645,S0081,France,Gurugram,Local Freight,2025-07-26,2025-08-04,9,4140.94
SHIP000646,S0048,Japan,Bengaluru EV Plant,Local Freight,2025-08-02,2025-08-12,10,11806.76
SHIP000647,S0060,Mexico,Gurugram,Local Freight,2025-05-01,2025-05-12,11,15095.04
SHIP000648,S0099,Czech Republic,Chennai,Maersk,2025-02-07,2025-02-20,13,23557.71
SHIP000649,S0098,Mexico,Sanand,FedEx,2025-06-11,2025-06-29,18,1305.81
SHIP000650,S0100,Thailand,Pune,DHL,2025-07-23,2025-08-02,10,22001.66
SHIP000651,S0090,Czech Republic,Bengaluru EV Plant,FedEx,2025-08-03,2025-08-13,10,1243.91
SHIP000652,S0049,Mexico,Bengaluru EV Plant,FedEx,2025-12-01,2025-12-17,16,18888.11
SHIP000653,S0092,South Korea,Pune,BlueDart,2025-03-07,2025-03-29,22,7716.54
SHIP000654,S0079,China,Sanand,FedEx,2025-02-20,2025-03-14,22,28529.98
SHIP000655,S0064,Germany,Sanand,FedEx,2025-01-09,2025-01-24,15,24286.8
SHIP000656,S0066,France,Bengaluru EV Plant,FedEx,2025-11-26,2025-11-29,3,692.51
SHIP000657,S0005,India,Gurugram,DHL,2025-11-06,2025-11-29,23,7629.36
SHIP000658,S0070,Japan,Sanand,Local Freight,2025-05-07,2025-05-19,12,21287.23
SHIP000659,S0023,Canada,Sanand,DB Schenker,2025-02-05,2025-02-09,4,19428.34
SHIP000660,S0100,Thailand,Bengaluru EV Plant,Local Freight,2025-07-18,2025-07-23,5,13420.29
SHIP000661,S0012,China,Sanand,FedEx,2025-04-27,2025-05-09,12,26080.95
SHIP000662,S0079,China,Sanand,FedEx,2025-02-11,2025-02-19,8,11600.52
SHIP000663,S0008,USA,Sanand,DHL,2025-08-05,2025-09-02,28,22332.6
SHIP000664,S0090,Czech Republic,Gurugram,Local Freight,2025-02-02,2025-02-19,17,7448.7
SHIP000665,S0059,Japan,Chennai,DHL,2025-02-16,2025-03-07,19,3119.47
SHIP000666,S0074,Canada,Gurugram,Local Freight,2025-01-29,2025-02-09,11,15785.01
SHIP000667,S0059,Japan,Sanand,DB Schenker,2025-10-06,2025-10-13,7,5109.25
SHIP000668,S0060,Mexico,Pune,FedEx,2025-09-15,2025-09-22,7,17982.38
SHIP000669,S0060,Mexico,Sanand,DB Schenker,2025-01-31,2025-02-23,23,20291.82
SHIP000670,S0014,France,Chennai,BlueDart,2025-11-01,2025-11-29,28,24465.86
SHIP000671,S0049,Mexico,Bengaluru EV Plant,DHL,2025-03-16,2025-03-25,9,5505.16
SHIP000672,S0029,Germany,Gurugram,DB Schenker,2025-10-29,2025-11-03,5,16209.93
SHIP000673,S0089,Mexico,Pune,Maersk,2025-07-09,2025-08-06,28,9310.89
SHIP000674,S0046,China,Pune,Maersk,2025-03-12,2025-04-04,23,5895.58
SHIP000675,S0069,Thailand,Gurugram,DB Schenker,2025-09-24,2025-09-29,5,10117.15
SHIP000676,S0019,USA,Bengaluru EV Plant,DHL,2025-12-02,2025-12-17,15,10323.99
SHIP000677,S0092,South Korea,Bengaluru EV Plant,FedEx,2025-09-13,2025-09-30,17,23728.32
SHIP000678,S0033,Canada,Pune,DB Schenker,2025-04-19,2025-05-01,12,15094.77
SHIP000679,S0031,Thailand,Sanand,Maersk,2025-12-23,2026-01-19,27,14053.89
SHIP000680,S0097,Canada,Bengaluru EV Plant,FedEx,2025-10-19,2025-11-01,13,27646.98
SHIP000681,S0100,Thailand,Sanand,Local Freight,2025-05-01,2025-05-14,13,2278.43
SHIP000682,S0096,USA,Gurugram,BlueDart,2025-03-22,2025-04-06,15,4292.1
SHIP000683,S0040,China,Gurugram,DB Schenker,2025-02-03,2025-02-18,15,26046.33
SHIP000684,S0004,Germany,Sanand,DHL,2025-04-12,2025-04-27,15,20427.91
SHIP000685,S0072,Canada,Pune,Maersk,2025-08-01,2025-08-10,9,26806.03
SHIP000686,S0095,Poland,Sanand,DHL,2025-04-25,2025-05-09,14,15031.52
SHIP000687,S0088,Canada,Pune,DHL,2025-03-29,2025-04-20,22,1412.65
SHIP000688,S0077,Canada,Sanand,FedEx,2025-05-22,2025-06-05,14,12195.31
SHIP000689,S0087,China,Chennai,DHL,2025-01-12,2025-01-16,4,12393.48
SHIP000690,S0030,Mexico,Chennai,Maersk,2025-10-06,2025-10-08,2,25187.83
SHIP000691,S0007,France,Sanand,DB Schenker,2025-04-01,2025-04-18,17,23398.59
SHIP000692,S0089,Mexico,Chennai,FedEx,2025-04-25,2025-05-24,29,793.56
SHIP000693,S0090,Czech Republic,Chennai,FedEx,2025-07-16,2025-08-13,28,4392.51
SHIP000694,S0091,USA,Chennai,Local Freight,2025-10-02,2025-10-14,12,19612.23
SHIP000695,S0026,Thailand,Bengaluru EV Plant,DB Schenker,2025-03-19,2025-03-23,4,12751.25
SHIP000696,S0061,Mexico,Chennai,DB Schenker,2025-12-08,2026-01-03,26,1028.17
SHIP000697,S0028,Canada,Sanand,DB Schenker,2025-02-19,2025-02-22,3,13425.81
SHIP000698,S0051,India,Bengaluru EV Plant,DB Schenker,2025-07-31,2025-08-10,10,6660.24
SHIP000699,S0001,India,Chennai,DB Schenker,2025-01-23,2025-01-28,5,13528.35
SHIP000700,S0086,Italy,Sanand,Local Freight,2025-02-08,2025-03-05,25,15460.98
SHIP000701,S0019,USA,Bengaluru EV Plant,Maersk,2025-01-12,2025-01-31,19,15409.59
SHIP000702,S0088,Canada,Bengaluru EV Plant,BlueDart,2025-02-16,2025-03-13,25,16036.39
SHIP000703,S0067,Canada,Gurugram,Local Freight,2025-07-05,2025-07-09,4,2712.97
SHIP000704,S0047,Poland,Bengaluru EV Plant,DB Schenker,2025-06-16,2025-06-22,6,25228.44
SHIP000705,S0072,Canada,Sanand,DB Schenker,2025-03-25,2025-04-12,18,4279.89
SHIP000706,S0049,Mexico,Chennai,Maersk,2025-05-23,2025-06-05,13,18321.22
SHIP000707,S0084,Canada,Pune,Maersk,2025-11-26,2025-12-04,8,17523.89
SHIP000708,S0071,Czech Republic,Bengaluru EV Plant,DHL,2025-02-15,2025-02-21,6,9439.52
SHIP000709,S0036,Canada,Chennai,DHL,2025-10-22,2025-11-08,17,4847.28
SHIP000710,S0076,Czech Republic,Gurugram,BlueDart,2025-08-05,2025-08-26,21,9957.99
SHIP000711,S0072,Canada,Pune,FedEx,2025-01-11,2025-01-31,20,20936.06
SHIP000712,S0067,Canada,Gurugram,DB Schenker,2025-08-11,2025-09-08,28,19520.97
SHIP000713,S0015,Italy,Gurugram,BlueDart,2025-03-19,2025-03-29,10,8095.64
SHIP000714,S0037,Mexico,Bengaluru EV Plant,BlueDart,2025-09-15,2025-10-01,16,26268.68
SHIP000715,S0001,India,Sanand,BlueDart,2025-06-24,2025-07-15,21,7360.0
SHIP000716,S0071,Czech Republic,Sanand,FedEx,2025-02-18,2025-03-03,13,15995.16
SHIP000717,S0047,Poland,Chennai,Local Freight,2025-07-23,2025-08-12,20,20828.86
SHIP000718,S0009,Vietnam,Bengaluru EV Plant,DHL,2025-01-19,2025-02-13,25,18007.7
SHIP000719,S0043,USA,Bengaluru EV Plant,Local Freight,2025-05-17,2025-05-26,9,17014.65
SHIP000720,S0028,Canada,Chennai,DB Schenker,2025-10-13,2025-10-17,4,29592.42
SHIP000721,S0048,Japan,Bengaluru EV Plant,BlueDart,2025-07-22,2025-08-19,28,6098.24
SHIP000722,S0020,Germany,Sanand,BlueDart,2025-02-03,2025-02-15,12,19118.93
SHIP000723,S0088,Canada,Bengaluru EV Plant,FedEx,2025-10-24,2025-11-02,9,7814.42
SHIP000724,S0088,Canada,Sanand,Local Freight,2025-03-19,2025-04-02,14,26911.64
SHIP000725,S0021,USA,Pune,Maersk,2025-10-19,2025-11-06,18,15745.74
SHIP000726,S0060,Mexico,Chennai,DHL,2025-04-30,2025-05-27,27,20425.32
SHIP000727,S0025,Canada,Bengaluru EV Plant,DHL,2025-12-02,2025-12-13,11,25128.71
SHIP000728,S0063,Vietnam,Pune,Maersk,2025-06-18,2025-07-07,19,17968.06
SHIP000729,S0005,India,Pune,Maersk,2025-10-19,2025-10-24,5,2698.79
SHIP000730,S0016,China,Pune,FedEx,2025-06-24,2025-07-06,12,27071.55
SHIP000731,S0027,Czech Republic,Bengaluru EV Plant,DHL,2025-01-18,2025-01-30,12,16283.15
SHIP000732,S0060,Mexico,Pune,DB Schenker,2025-08-15,2025-09-02,18,14360.96
SHIP000733,S0072,Canada,Chennai,Maersk,2025-11-29,2025-12-14,15,612.01
SHIP000734,S0081,France,Pune,DHL,2025-08-09,2025-08-22,13,7554.88
SHIP000735,S0028,Canada,Sanand,Local Freight,2025-12-27,2026-01-07,11,3596.31
SHIP000736,S0004,Germany,Sanand,DB Schenker,2025-11-04,2025-11-21,17,24149.46
SHIP000737,S0091,USA,Pune,DB Schenker,2025-06-13,2025-06-26,13,22025.41
SHIP000738,S0060,Mexico,Chennai,BlueDart,2025-08-26,2025-09-05,10,18348.5
SHIP000739,S0020,Germany,Chennai,BlueDart,2025-10-16,2025-10-18,2,13035.79
SHIP000740,S0083,India,Pune,FedEx,2025-02-12,2025-02-18,6,8366.78
SHIP000741,S0034,USA,Gurugram,FedEx,2025-10-26,2025-11-06,11,13526.76
SHIP000742,S0072,Canada,Pune,DB Schenker,2025-02-05,2025-02-16,11,11286.63
SHIP000743,S0100,Thailand,Pune,Maersk,2025-06-14,2025-07-12,28,19641.97
SHIP000744,S0074,Canada,Pune,FedEx,2025-01-15,2025-02-04,20,10647.74
SHIP000745,S0026,Thailand,Sanand,DHL,2025-10-10,2025-11-07,28,4235.06
SHIP000746,S0024,France,Gurugram,Maersk,2025-08-11,2025-09-09,29,22636.15
SHIP000747,S0002,Canada,Pune,Local Freight,2025-01-01,2025-01-26,25,21795.47
SHIP000748,S0040,China,Chennai,BlueDart,2025-01-12,2025-01-20,8,20615.57
SHIP000749,S0081,France,Pune,Maersk,2025-07-22,2025-08-09,18,3083.53
SHIP000750,S0008,USA,Pune,Maersk,2025-05-04,2025-06-02,29,13116.37
SHIP000751,S0028,Canada,Sanand,BlueDart,2025-01-09,2025-02-04,26,18567.53
SHIP000752,S0020,Germany,Bengaluru EV Plant,DHL,2025-09-10,2025-10-04,24,29586.21
SHIP000753,S0078,Poland,Gurugram,DB Schenker,2025-02-06,2025-02-22,16,3378.1
SHIP000754,S0091,USA,Sanand,DB Schenker,2025-03-21,2025-03-27,6,13188.25
SHIP000755,S0095,Poland,Pune,DHL,2025-01-26,2025-02-24,29,7679.92
SHIP000756,S0066,France,Bengaluru EV Plant,Local Freight,2025-09-01,2025-09-25,24,25283.12
SHIP000757,S0073,India,Pune,DB Schenker,2025-01-03,2025-01-30,27,4473.43
SHIP000758,S0060,Mexico,Sanand,FedEx,2025-09-28,2025-10-24,26,28887.55
SHIP000759,S0021,USA,Bengaluru EV Plant,Local Freight,2025-05-22,2025-06-13,22,4978.63
SHIP000760,S0006,South Korea,Pune,FedEx,2025-05-08,2025-05-12,4,29558.33
SHIP000761,S0091,USA,Bengaluru EV Plant,DHL,2025-12-13,2025-12-18,5,16684.5
SHIP000762,S0047,Poland,Chennai,DB Schenker,2025-09-27,2025-10-05,8,2490.09
SHIP000763,S0059,Japan,Chennai,DHL,2025-05-13,2025-06-10,28,15577.59
SHIP000764,S0035,USA,Pune,Local Freight,2025-08-21,2025-08-24,3,4406.46
SHIP000765,S0085,China,Sanand,Local Freight,2025-08-05,2025-08-26,21,18808.24
SHIP000766,S0100,Thailand,Chennai,BlueDart,2025-03-29,2025-04-25,27,15171.47
SHIP000767,S0023,Canada,Sanand,FedEx,2025-09-13,2025-10-10,27,16811.99
SHIP000768,S0068,Japan,Bengaluru EV Plant,BlueDart,2025-04-07,2025-05-04,27,1834.67
SHIP000769,S0070,Japan,Bengaluru EV Plant,BlueDart,2025-05-31,2025-06-29,29,6549.97
SHIP000770,S0030,Mexico,Sanand,DHL,2025-08-19,2025-09-04,16,17379.84
SHIP000771,S0041,Italy,Chennai,BlueDart,2025-09-19,2025-10-03,14,27300.65
SHIP000772,S0078,Poland,Bengaluru EV Plant,BlueDart,2025-08-26,2025-09-09,14,20248.4
SHIP000773,S0060,Mexico,Sanand,DB Schenker,2025-10-21,2025-10-31,10,21723.98
SHIP000774,S0085,China,Bengaluru EV Plant,Local Freight,2025-12-16,2025-12-19,3,28940.8
SHIP000775,S0064,Germany,Sanand,BlueDart,2025-02-16,2025-02-19,3,8205.19
SHIP000776,S0078,Poland,Pune,BlueDart,2025-09-19,2025-10-17,28,18790.46
SHIP000777,S0090,Czech Republic,Sanand,Maersk,2025-04-04,2025-04-21,17,20183.71
SHIP000778,S0002,Canada,Bengaluru EV Plant,DB Schenker,2025-02-27,2025-03-27,28,9749.65
SHIP000779,S0100,Thailand,Chennai,Maersk,2025-03-02,2025-03-16,14,23638.03
SHIP000780,S0017,Mexico,Pune,DHL,2025-09-29,2025-10-05,6,6213.12
SHIP000781,S0094,Japan,Sanand,FedEx,2025-07-19,2025-08-06,18,27483.19
SHIP000782,S0074,Canada,Bengaluru EV Plant,Local Freight,2025-06-21,2025-07-17,26,14399.53
SHIP000783,S0094,Japan,Sanand,DHL,2025-09-06,2025-09-13,7,13786.01
SHIP000784,S0090,Czech Republic,Gurugram,DHL,2025-12-16,2026-01-07,22,17785.56
SHIP000785,S0089,Mexico,Chennai,DB Schenker,2025-08-31,2025-09-28,28,12389.78
SHIP000786,S0076,Czech Republic,Sanand,FedEx,2025-09-08,2025-09-18,10,13714.57
SHIP000787,S0029,Germany,Bengaluru EV Plant,Local Freight,2025-04-02,2025-04-09,7,15607.27
SHIP000788,S0079,China,Gurugram,DHL,2025-03-31,2025-04-11,11,28960.3
SHIP000789,S0012,China,Sanand,Maersk,2025-01-18,2025-02-02,15,3740.99
SHIP000790,S0057,Germany,Bengaluru EV Plant,FedEx,2025-10-08,2025-10-19,11,29936.14
SHIP000791,S0063,Vietnam,Gurugram,BlueDart,2025-10-30,2025-11-14,15,28363.04
SHIP000792,S0040,China,Pune,DHL,2025-09-17,2025-10-06,19,16289.63
SHIP000793,S0095,Poland,Gurugram,Local Freight,2025-05-12,2025-05-19,7,3643.16
SHIP000794,S0036,Canada,Gurugram,FedEx,2025-10-01,2025-10-28,27,6683.3
SHIP000795,S0036,Canada,Chennai,Maersk,2025-08-19,2025-08-24,5,19150.75
SHIP000796,S0003,Canada,Pune,Local Freight,2025-03-30,2025-04-06,7,597.92
SHIP000797,S0079,China,Bengaluru EV Plant,Local Freight,2025-09-24,2025-10-08,14,24914.78
SHIP000798,S0092,South Korea,Chennai,Local Freight,2025-08-24,2025-09-16,23,15447.29
SHIP000799,S0056,USA,Sanand,Local Freight,2025-03-02,2025-03-24,22,24967.84
SHIP000800,S0050,Czech Republic,Gurugram,FedEx,2025-04-05,2025-04-07,2,18963.95
SHIP000801,S0026,Thailand,Gurugram,DB Schenker,2025-10-01,2025-10-25,24,4539.94
SHIP000802,S0010,Italy,Gurugram,DHL,2025-02-07,2025-02-21,14,4787.38
SHIP000803,S0071,Czech Republic,Sanand,FedEx,2025-07-02,2025-07-25,23,10312.59
SHIP000804,S0036,Canada,Sanand,DB Schenker,2025-10-01,2025-10-30,29,4634.24
SHIP000805,S0003,Canada,Pune,Local Freight,2025-03-22,2025-04-02,11,27255.96
SHIP000806,S0017,Mexico,Gurugram,BlueDart,2025-12-19,2026-01-17,29,26655.92
SHIP000807,S0053,India,Bengaluru EV Plant,FedEx,2025-10-05,2025-10-07,2,3783.88
SHIP000808,S0052,Italy,Chennai,DHL,2025-03-10,2025-03-26,16,21070.13
SHIP000809,S0081,France,Gurugram,Local Freight,2025-08-23,2025-09-01,9,13895.7
SHIP000810,S0033,Canada,Chennai,Maersk,2025-09-08,2025-10-05,27,18685.94
SHIP000811,S0093,Germany,Pune,BlueDart,2025-06-10,2025-06-30,20,22769.73
SHIP000812,S0067,Canada,Bengaluru EV Plant,DHL,2025-01-12,2025-01-22,10,26886.73
SHIP000813,S0033,Canada,Chennai,BlueDart,2025-11-27,2025-12-03,6,23237.29
SHIP000814,S0007,France,Bengaluru EV Plant,DHL,2025-10-12,2025-10-23,11,22014.5
SHIP000815,S0028,Canada,Gurugram,Maersk,2025-11-18,2025-11-23,5,2427.03
SHIP000816,S0086,Italy,Sanand,BlueDart,2025-01-08,2025-01-19,11,20938.29
SHIP000817,S0091,USA,Sanand,Maersk,2025-11-13,2025-11-20,7,24351.91
SHIP000818,S0011,Italy,Bengaluru EV Plant,DB Schenker,2025-09-29,2025-10-16,17,10918.8
SHIP000819,S0077,Canada,Bengaluru EV Plant,DB Schenker,2025-04-02,2025-04-21,19,21739.09
SHIP000820,S0094,Japan,Bengaluru EV Plant,FedEx,2025-10-13,2025-10-26,13,20741.41
SHIP000821,S0015,Italy,Chennai,DHL,2025-08-09,2025-09-04,26,4792.89
SHIP000822,S0059,Japan,Bengaluru EV Plant,BlueDart,2025-05-21,2025-06-02,12,17949.54
SHIP000823,S0080,Mexico,Gurugram,BlueDart,2025-11-19,2025-11-22,3,24953.5
SHIP000824,S0050,Czech Republic,Sanand,DB Schenker,2025-03-14,2025-03-23,9,13655.69
SHIP000825,S0075,Japan,Sanand,DHL,2025-09-03,2025-09-05,2,29695.95
SHIP000826,S0089,Mexico,Chennai,Local Freight,2025-12-20,2026-01-08,19,20757.66
SHIP000827,S0018,France,Bengaluru EV Plant,DHL,2025-04-30,2025-05-16,16,18489.31
SHIP000828,S0089,Mexico,Sanand,FedEx,2025-11-14,2025-11-24,10,3715.97
SHIP000829,S0009,Vietnam,Gurugram,Local Freight,2025-02-17,2025-02-19,2,28307.58
SHIP000830,S0081,France,Sanand,BlueDart,2025-05-31,2025-06-21,21,5017.5
SHIP000831,S0061,Mexico,Chennai,DHL,2025-12-06,2026-01-04,29,15523.3
SHIP000832,S0068,Japan,Pune,BlueDart,2025-09-10,2025-09-16,6,21964.01
SHIP000833,S0007,France,Pune,Maersk,2025-07-18,2025-07-30,12,27975.67
SHIP000834,S0022,Vietnam,Bengaluru EV Plant,FedEx,2025-10-17,2025-10-27,10,29631.68
SHIP000835,S0053,India,Sanand,Maersk,2025-07-10,2025-07-13,3,14242.83
SHIP000836,S0084,Canada,Bengaluru EV Plant,BlueDart,2025-11-16,2025-11-20,4,14191.02
SHIP000837,S0081,France,Bengaluru EV Plant,FedEx,2025-06-13,2025-07-10,27,25256.74
SHIP000838,S0076,Czech Republic,Pune,BlueDart,2025-11-26,2025-12-18,22,3035.07
SHIP000839,S0053,India,Bengaluru EV Plant,Maersk,2025-05-07,2025-05-25,18,22928.32
SHIP000840,S0075,Japan,Sanand,Local Freight,2025-09-01,2025-09-05,4,25641.86
SHIP000841,S0014,France,Pune,DHL,2025-11-26,2025-12-19,23,13431.51
SHIP000842,S0081,France,Bengaluru EV Plant,DHL,2025-04-05,2025-04-12,7,8776.68
SHIP000843,S0073,India,Sanand,Local Freight,2025-11-09,2025-11-20,11,19851.65
SHIP000844,S0098,Mexico,Gurugram,FedEx,2025-12-16,2025-12-30,14,15452.05
SHIP000845,S0065,France,Bengaluru EV Plant,BlueDart,2025-05-11,2025-05-14,3,19680.69
SHIP000846,S0029,Germany,Chennai,FedEx,2025-01-28,2025-02-11,14,26341.19
SHIP000847,S0065,France,Bengaluru EV Plant,DB Schenker,2025-12-15,2025-12-19,4,23599.01
SHIP000848,S0039,Germany,Pune,FedEx,2025-01-21,2025-02-02,12,2083.63
SHIP000849,S0040,China,Chennai,DB Schenker,2025-06-30,2025-07-14,14,29090.69
SHIP000850,S0007,France,Bengaluru EV Plant,Local Freight,2025-09-30,2025-10-20,20,3718.81
SHIP000851,S0050,Czech Republic,Sanand,DB Schenker,2025-04-23,2025-05-21,28,13382.35
SHIP000852,S0023,Canada,Gurugram,BlueDart,2025-05-10,2025-05-26,16,4470.17
SHIP000853,S0096,USA,Gurugram,Maersk,2025-02-12,2025-02-16,4,25788.35
SHIP000854,S0005,India,Sanand,DHL,2025-03-28,2025-04-11,14,29108.2
SHIP000855,S0080,Mexico,Pune,DHL,2025-07-27,2025-07-29,2,13990.77
SHIP000856,S0088,Canada,Sanand,DB Schenker,2025-08-31,2025-09-08,8,26859.36
SHIP000857,S0092,South Korea,Bengaluru EV Plant,DB Schenker,2025-02-27,2025-03-11,12,24410.14
SHIP000858,S0049,Mexico,Bengaluru EV Plant,DB Schenker,2025-09-29,2025-10-18,19,11787.29
SHIP000859,S0027,Czech Republic,Pune,BlueDart,2025-04-29,2025-05-21,22,15396.92
SHIP000860,S0044,Japan,Sanand,Local Freight,2025-10-09,2025-10-21,12,29675.23
SHIP000861,S0051,India,Chennai,DHL,2025-11-15,2025-12-14,29,12128.23
SHIP000862,S0073,India,Sanand,FedEx,2025-12-21,2026-01-03,13,27617.9
SHIP000863,S0078,Poland,Pune,DB Schenker,2025-09-16,2025-10-06,20,12137.87
SHIP000864,S0058,Japan,Gurugram,FedEx,2025-11-11,2025-11-22,11,24551.22
SHIP000865,S0008,USA,Bengaluru EV Plant,BlueDart,2025-11-13,2025-11-16,3,22036.95
SHIP000866,S0083,India,Gurugram,FedEx,2025-05-17,2025-05-28,11,7761.08
SHIP000867,S0069,Thailand,Bengaluru EV Plant,FedEx,2025-05-27,2025-06-03,7,26333.6
SHIP000868,S0032,France,Gurugram,Local Freight,2025-06-21,2025-07-18,27,12479.27
SHIP000869,S0034,USA,Chennai,FedEx,2025-12-10,2025-12-29,19,8858.34
SHIP000870,S0093,Germany,Pune,BlueDart,2025-03-06,2025-03-11,5,22549.89
SHIP000871,S0092,South Korea,Bengaluru EV Plant,DHL,2025-08-07,2025-08-11,4,6868.94
SHIP000872,S0098,Mexico,Sanand,Local Freight,2025-12-14,2025-12-30,16,11387.12
SHIP000873,S0099,Czech Republic,Gurugram,Maersk,2025-06-30,2025-07-22,22,27636.66
SHIP000874,S0019,USA,Sanand,DB Schenker,2025-09-24,2025-10-12,18,4115.72
SHIP000875,S0058,Japan,Gurugram,DB Schenker,2025-12-27,2025-12-31,4,21433.23
SHIP000876,S0073,India,Chennai,Maersk,2025-04-02,2025-04-27,25,14919.62
SHIP000877,S0020,Germany,Gurugram,Local Freight,2025-12-03,2025-12-16,13,8093.64
SHIP000878,S0027,Czech Republic,Pune,DHL,2025-11-30,2025-12-10,10,2491.24
SHIP000879,S0002,Canada,Chennai,FedEx,2025-08-27,2025-09-11,15,29497.69
SHIP000880,S0007,France,Pune,BlueDart,2025-12-20,2025-12-26,6,2241.11
SHIP000881,S0099,Czech Republic,Bengaluru EV Plant,BlueDart,2025-02-10,2025-03-01,19,10436.93
SHIP000882,S0066,France,Sanand,Local Freight,2025-01-12,2025-01-14,2,5369.42
SHIP000883,S0067,Canada,Sanand,DHL,2025-06-29,2025-07-10,11,4013.5
SHIP000884,S0018,France,Pune,Local Freight,2025-06-30,2025-07-15,15,6418.06
SHIP000885,S0047,Poland,Sanand,DB Schenker,2025-03-22,2025-03-31,9,13286.13
SHIP000886,S0099,Czech Republic,Pune,DB Schenker,2025-04-18,2025-05-09,21,20054.22
SHIP000887,S0079,China,Sanand,DHL,2025-04-09,2025-04-27,18,9118.31
SHIP000888,S0060,Mexico,Gurugram,Maersk,2025-02-18,2025-02-22,4,27049.85
SHIP000889,S0018,France,Bengaluru EV Plant,FedEx,2025-07-29,2025-08-04,6,27850.94
SHIP000890,S0012,China,Bengaluru EV Plant,Maersk,2025-05-08,2025-05-28,20,7481.15
SHIP000891,S0008,USA,Bengaluru EV Plant,BlueDart,2025-06-04,2025-06-25,21,7641.16
SHIP000892,S0018,France,Chennai,FedEx,2025-12-23,2026-01-21,29,6788.62
SHIP000893,S0069,Thailand,Chennai,Maersk,2025-08-26,2025-09-15,20,16605.28
SHIP000894,S0039,Germany,Sanand,DHL,2025-12-23,2025-12-28,5,10001.84
SHIP000895,S0044,Japan,Gurugram,DB Schenker,2025-03-01,2025-03-25,24,23110.57
SHIP000896,S0067,Canada,Chennai,DB Schenker,2025-01-24,2025-02-18,25,28726.68
SHIP000897,S0066,France,Pune,Local Freight,2025-02-15,2025-02-19,4,16256.4
SHIP000898,S0062,South Korea,Chennai,FedEx,2025-03-10,2025-03-15,5,8852.63
SHIP000899,S0002,Canada,Sanand,Local Freight,2025-12-05,2025-12-28,23,23874.88
SHIP000900,S0022,Vietnam,Sanand,Maersk,2025-07-18,2025-08-14,27,17567.24
SHIP000901,S0029,Germany,Pune,BlueDart,2025-09-06,2025-10-05,29,17285.85
SHIP000902,S0099,Czech Republic,Gurugram,DB Schenker,2025-06-05,2025-06-28,23,27985.42
SHIP000903,S0006,South Korea,Pune,Maersk,2025-09-06,2025-09-25,19,26751.84
SHIP000904,S0095,Poland,Sanand,Local Freight,2025-08-06,2025-08-21,15,9164.01
SHIP000905,S0031,Thailand,Pune,FedEx,2025-02-23,2025-02-28,5,23392.36
SHIP000906,S0039,Germany,Bengaluru EV Plant,BlueDart,2025-11-19,2025-11-23,4,911.28
SHIP000907,S0043,USA,Bengaluru EV Plant,FedEx,2025-01-03,2025-01-24,21,14602.6
SHIP000908,S0035,USA,Pune,FedEx,2025-05-18,2025-05-29,11,5592.3
SHIP000909,S0006,South Korea,Chennai,Local Freight,2025-05-10,2025-06-08,29,5728.94
SHIP000910,S0082,China,Gurugram,Local Freight,2025-03-17,2025-03-25,8,27502.78
SHIP000911,S0055,Italy,Chennai,DB Schenker,2025-02-28,2025-03-10,10,23004.09
SHIP000912,S0056,USA,Bengaluru EV Plant,DHL,2025-04-03,2025-04-24,21,20716.79
SHIP000913,S0098,Mexico,Chennai,DB Schenker,2025-09-23,2025-10-21,28,18435.09
SHIP000914,S0096,USA,Pune,FedEx,2025-02-27,2025-03-27,28,5759.83
SHIP000915,S0076,Czech Republic,Pune,BlueDart,2025-05-09,2025-05-19,10,29056.45
SHIP000916,S0096,USA,Gurugram,Local Freight,2025-04-02,2025-04-20,18,28450.85
SHIP000917,S0091,USA,Sanand,DHL,2025-10-14,2025-11-01,18,21766.05
SHIP000918,S0075,Japan,Sanand,DHL,2025-05-21,2025-06-18,28,4559.31
SHIP000919,S0061,Mexico,Sanand,Local Freight,2025-01-26,2025-02-01,6,8805.81
SHIP000920,S0010,Italy,Sanand,Maersk,2025-04-18,2025-04-22,4,3400.26
SHIP000921,S0056,USA,Sanand,DB Schenker,2025-10-24,2025-11-07,14,14796.31
SHIP000922,S0096,USA,Sanand,DHL,2025-02-26,2025-03-02,4,2210.9
SHIP000923,S0015,Italy,Bengaluru EV Plant,DHL,2025-04-12,2025-04-14,2,15030.24
SHIP000924,S0073,India,Gurugram,Local Freight,2025-11-13,2025-11-15,2,10811.22
SHIP000925,S0038,Czech Republic,Gurugram,FedEx,2025-05-05,2025-05-25,20,15838.11
SHIP000926,S0087,China,Pune,BlueDart,2025-08-03,2025-08-09,6,3667.75
SHIP000927,S0016,China,Chennai,FedEx,2025-06-07,2025-06-11,4,16382.58
SHIP000928,S0068,Japan,Gurugram,FedEx,2025-08-28,2025-09-15,18,26326.57
SHIP000929,S0023,Canada,Gurugram,DHL,2025-02-20,2025-03-15,23,1516.05
SHIP000930,S0033,Canada,Sanand,DHL,2025-09-14,2025-10-07,23,5565.73
SHIP000931,S0008,USA,Sanand,DB Schenker,2025-02-06,2025-02-17,11,20648.34
SHIP000932,S0022,Vietnam,Bengaluru EV Plant,DB Schenker,2025-12-03,2025-12-16,13,25259.5
SHIP000933,S0018,France,Chennai,Local Freight,2025-08-10,2025-08-19,9,3242.44
SHIP000934,S0039,Germany,Bengaluru EV Plant,FedEx,2025-09-21,2025-10-16,25,18473.09
SHIP000935,S0027,Czech Republic,Chennai,Maersk,2025-08-11,2025-09-04,24,19066.56
SHIP000936,S0067,Canada,Chennai,BlueDart,2025-11-29,2025-12-07,8,26105.58
SHIP000937,S0026,Thailand,Bengaluru EV Plant,Local Freight,2025-09-25,2025-10-09,14,18782.78
SHIP000938,S0016,China,Bengaluru EV Plant,DB Schenker,2025-04-11,2025-04-30,19,7076.6
SHIP000939,S0010,Italy,Sanand,Maersk,2025-11-16,2025-12-03,17,17320.28
SHIP000940,S0006,South Korea,Chennai,BlueDart,2025-02-16,2025-03-07,19,17497.05
SHIP000941,S0026,Thailand,Pune,DB Schenker,2025-05-27,2025-06-14,18,25876.56
SHIP000942,S0074,Canada,Bengaluru EV Plant,DB Schenker,2025-07-10,2025-07-25,15,19682.59
SHIP000943,S0091,USA,Chennai,FedEx,2025-06-13,2025-07-05,22,20089.09
SHIP000944,S0069,Thailand,Pune,BlueDart,2025-05-09,2025-05-31,22,5285.72
SHIP000945,S0081,France,Chennai,DB Schenker,2025-01-27,2025-02-21,25,23848.45
SHIP000946,S0039,Germany,Gurugram,Maersk,2025-03-06,2025-03-23,17,19072.27
SHIP000947,S0005,India,Gurugram,Local Freight,2025-07-07,2025-07-12,5,2114.71
SHIP000948,S0015,Italy,Pune,DHL,2025-12-05,2025-12-08,3,21735.06
SHIP000949,S0072,Canada,Chennai,Maersk,2025-12-26,2026-01-04,9,3301.23
SHIP000950,S0099,Czech Republic,Chennai,Local Freight,2025-03-05,2025-03-28,23,13340.05
SHIP000951,S0074,Canada,Gurugram,DB Schenker,2025-12-04,2026-01-02,29,21722.9
SHIP000952,S0019,USA,Pune,DHL,2025-07-20,2025-07-28,8,15397.37
SHIP000953,S0088,Canada,Pune,FedEx,2025-01-20,2025-02-11,22,29889.53
SHIP000954,S0020,Germany,Pune,BlueDart,2025-06-16,2025-06-30,14,25518.31
SHIP000955,S0004,Germany,Sanand,DHL,2025-10-21,2025-11-02,12,13797.16
SHIP000956,S0012,China,Sanand,FedEx,2025-06-28,2025-07-14,16,27507.52
SHIP000957,S0007,France,Chennai,FedEx,2025-08-14,2025-08-19,5,6001.99
SHIP000958,S0013,Thailand,Gurugram,DB Schenker,2025-08-08,2025-08-16,8,11038.45
SHIP000959,S0094,Japan,Pune,DB Schenker,2025-01-27,2025-02-10,14,25853.32
SHIP000960,S0008,USA,Bengaluru EV Plant,FedEx,2025-10-06,2025-10-23,17,12049.7
SHIP000961,S0026,Thailand,Gurugram,Maersk,2025-07-18,2025-07-31,13,1013.03
SHIP000962,S0100,Thailand,Pune,Maersk,2025-05-19,2025-06-01,13,22507.56
SHIP000963,S0097,Canada,Gurugram,DB Schenker,2025-03-06,2025-03-13,7,9438.87
SHIP000964,S0010,Italy,Gurugram,DHL,2025-03-29,2025-04-14,16,1382.76
SHIP000965,S0001,India,Pune,DHL,2025-04-22,2025-04-28,6,4016.68
SHIP000966,S0090,Czech Republic,Bengaluru EV Plant,DB Schenker,2025-02-25,2025-03-12,15,14733.63
SHIP000967,S0094,Japan,Gurugram,Maersk,2025-03-10,2025-03-14,4,9529.5
SHIP000968,S0021,USA,Sanand,DHL,2025-10-24,2025-11-20,27,28164.32
SHIP000969,S0090,Czech Republic,Pune,DHL,2025-02-22,2025-03-14,20,23642.55
SHIP000970,S0078,Poland,Chennai,Maersk,2025-08-27,2025-09-01,5,13697.62
SHIP000971,S0062,South Korea,Gurugram,DHL,2025-01-31,2025-02-15,15,6973.01
SHIP000972,S0019,USA,Sanand,Maersk,2025-05-05,2025-05-25,20,21499.05
SHIP000973,S0068,Japan,Gurugram,FedEx,2025-08-19,2025-09-10,22,19339.08
SHIP000974,S0050,Czech Republic,Bengaluru EV Plant,BlueDart,2025-11-05,2025-11-19,14,13370.57
SHIP000975,S0002,Canada,Chennai,Maersk,2025-03-12,2025-03-20,8,9902.5
SHIP000976,S0026,Thailand,Bengaluru EV Plant,DB Schenker,2025-03-06,2025-03-11,5,26402.57
SHIP000977,S0064,Germany,Bengaluru EV Plant,BlueDart,2025-07-15,2025-08-12,28,11433.24
SHIP000978,S0068,Japan,Sanand,DHL,2025-03-10,2025-04-03,24,7116.73
SHIP000979,S0075,Japan,Pune,DB Schenker,2025-07-20,2025-08-05,16,25412.17
SHIP000980,S0017,Mexico,Sanand,BlueDart,2025-02-03,2025-02-25,22,20510.39
SHIP000981,S0001,India,Pune,DB Schenker,2025-05-12,2025-05-19,7,21829.76
SHIP000982,S0016,China,Bengaluru EV Plant,FedEx,2025-11-26,2025-12-03,7,17137.19
SHIP000983,S0017,Mexico,Chennai,Maersk,2025-05-21,2025-06-14,24,22686.43
SHIP000984,S0045,China,Pune,FedEx,2025-06-19,2025-06-21,2,577.17
SHIP000985,S0023,Canada,Sanand,FedEx,2025-06-12,2025-06-16,4,17535.71
SHIP000986,S0023,Canada,Bengaluru EV Plant,DB Schenker,2025-03-23,2025-04-08,16,15355.6
SHIP000987,S0095,Poland,Pune,BlueDart,2025-12-03,2025-12-22,19,15383.12
SHIP000988,S0063,Vietnam,Sanand,Local Freight,2025-03-09,2025-03-22,13,21774.65
SHIP000989,S0046,China,Pune,Local Freight,2025-02-24,2025-03-25,29,25252.94
SHIP000990,S0092,South Korea,Sanand,BlueDart,2025-05-01,2025-05-28,27,29575.64
SHIP000991,S0059,Japan,Bengaluru EV Plant,DB Schenker,2025-05-25,2025-06-09,15,12628.06
SHIP000992,S0017,Mexico,Pune,DHL,2025-06-04,2025-06-15,11,28609.76
SHIP000993,S0072,Canada,Sanand,DHL,2025-03-29,2025-04-23,25,16341.61
SHIP000994,S0001,India,Bengaluru EV Plant,BlueDart,2025-11-16,2025-11-19,3,18029.21
SHIP000995,S0083,India,Pune,DB Schenker,2025-11-17,2025-11-21,4,20256.28
SHIP000996,S0085,China,Pune,Maersk,2025-11-12,2025-12-03,21,19357.46
SHIP000997,S0093,Germany,Pune,BlueDart,2025-02-05,2025-02-28,23,19347.43
SHIP000998,S0063,Vietnam,Sanand,DHL,2025-08-15,2025-08-21,6,24786.29
SHIP000999,S0030,Mexico,Sanand,DB Schenker,2025-03-17,2025-03-27,10,11994.69
SHIP001000,S0013,Thailand,Pune,BlueDart,2025-01-03,2025-01-19,16,20429.15
